,review,name
0,"青山一丁目駅の西側にある蕎麦ダイニングである。ランチで提供しているうどんメニューを20:00まで提供しております、という宣伝に乗って、18:50ころに入店した。
店内は四人掛けテーブルが5卓、十人掛けテーブルが1卓、窓向きのカウンター席が4席あった。先客はなし。
うどんメニューを出してもらい、豚にらつけうどん（あつ、680円）を注文した。
だいたい10分程度で料理が到着した。
支払いはクレジットカードにて。
おいしくいただきました。ごちそうさまでした。",青山 はら八
1,"カフェかと思ったら『大衆居酒屋』って暖簾に書かれてる不思議なお店～。

居酒屋なのに、店内がすごくかわいくておしゃれー！
ちょっとアンティーク感のある木のテーブルや飾られてる木々、ドライフラワーとか、
天窓とか、とにかくいい感じなんです。

とか言いながら、
喉の渇きを潤すのが1番の目的なので、とりあえずビールを。
生ビールは香るエール♬おいしい～。
お通しには茄子の揚げ浸し。
ひんやりおいしいし、菊が散らしてあるのもかわいい。

メニューをみたら、本当に大衆居酒屋価格！
なので色々とオーダー。


*　豆もやしとパクチーのサラダ

サラダと言うよりナムルに近い感じだけど、豆もやしの食感いいですねー！
一皿のボリュームも◎


*　漬け鴨のお刺身

鴨の漬け？？？ってなんかまったく想像つかなくて頼んでみたんですが、
これ、めっちゃ美味しいーー！
癖も臭みも全くなくて、すっごい美味しい！
こんなのはじめてー♡


*　名物　唐揚げ　～ネギ塩

こちらのお店、ハイカラ推しみたいです。
ハッピーアワーではハイカラセット￥100とか書いてあるし。（この日は間に合わなかった…）
唐揚げ1つの大きさもかなり大きくて、
外カリッ中じゅわっ！

ま、こうなるとハイボール飲みたくなるよね！

◆レモンハイボール
+￥300でメガジョッキにできるそうなので、
ぐびぐび飲みたい私は当然メガサイズ(笑)


*　本場フランスのとろ～り焼き立てキッシュ

ふわとろであっつあつ！
欲張って大きいサイズ頼んじゃったけど、美味しくてぺろりと完食。


*　スモークフライドポテト

スモーク感がイマイチ分からなかったけど、正しい皮つきフライドポテト！
メニューに「どうせみんな好きなんでしょ？」ってコメント書かれてたけど、
激しく縦に首振っちゃう♪


*　丸ごとトマトのうま煮（冷）

丁寧に湯剥きされたトマトとお出汁が絶妙。さっぱり～！毎日食べたい！


◆アールグレイ漬けハイボール
もう、そのまんまなんですが、しっかりとアールグレイの風味でしっかりとハイボール。
ビール党の私ですが、ここはハイボールが豊富な上においしかったー！


気付けば平日なのに店内は満席！
みてみたらお得なコースなどもあるようで、そりゃ人気出るわー！

居酒屋価格に居酒屋メニューに加えて洋メニューのクオリティも高くて、驚きました。
またお邪魔しまーす！

ごちそうさまでした☺",Cafe & 居酒屋 チョウチン 原宿・表参道店
2,"主人と一緒に買い物帰りに見つけた隠れ家的存在の“Cafe&居酒屋チョウチン原宿・表参道店さん”何を食べてもどれも美味しく、その中でもイチオシメニューをご紹介しようと思います。

表参道や原宿駅からほど近く、大通りから一本入ったところに、こじんまりとオシャレな居酒屋さんがあります。オシャレに気軽にそしてリーズナブルに！をモットーなお店なんです。

☆丸ごとトマトのうま煮　(冷)トマト大好きな私はついオーダーしてしまいます♡見た目も綺麗なトマトが登場！イタリアンなお出汁を吸い込んだこのトマトの冷製は夏にピッタリ！

サッパリした味わいでいくらでも食べられちゃう。

☆無限枝豆！！枝豆ってボイルされて出てくることが多いですが、その後にニンニクオイルとお塩で軽く炒めて出てきました。これがホントに病み付きになる美味しさ♡無限・・・なんてネーミングがつけられたのもうなずけます。これは、ビールにもハイボールにも合いますね～お代わりしたいくらいでした！

☆野菜が美味しいプレミアム前菜10種盛り注文率90%！とお店の方がおっしゃっていたので、気になってオーダー！パンプキンサラダ・シュールージュ・キャロットラペ・海鮮マリネ・オクラのわさび漬け・明太子のゴボウサラダ・ムール貝のオイル煮・焼きナス・さんまの煮付け・わさび菜とキノコのマリネと今旬のお野菜や魚介類を美味しく調理されています。全て冷製仕立てでやってきました。

どれも素材の旨味を引き出している逸品ばかりで楽しくなってきます♡たくさん野菜が食べられるのも女子には嬉しいポイントですね！

☆名物！唐揚げ！メニューを見て気になっていてオーダーしました！だし醤油・おろしポン酢・ネギ塩からチョイスすることができるのですが、プレーンが一番かも！

今回はおろしポン酢でも頂きましたが、これほどクリスピーな唐揚って今まで食べたことがありません！プレーンはカリッとジュワーと口の中に広がるタイプの唐揚でした。おろしポン酢にディップするとよりマイルドにあっさりと頂く事ができました。他のテーブルを見渡しても女子たちが美味しいそうに食べていました！やっぱり、から揚げはみんな好きなんだな♡と思いました。お店の看板を見ていると、17:00から19:00のハイカラセットがなんと100円！なんですって！！これは頼んじゃいますよね～早く行くとお得感があるのはいいですよね！

☆まるでプリン！？本場フランスのとろ〜り焼きたてのキッシュキッシュってお店によってはパサパサしていてあまりオーダーしない方ですが、ここのお店のキッシュには驚かされました！

トロッと素材がとろけるような食感で、豚肉の角切りとブロッコリーの存在感を出していました。お腹いっぱいで食べられるかなあと思いましたが、絶品すぎてペロリと食べちゃいました。
 

☆まとめ☆ふらっと入ったお陰で素敵なお店に出会えました。店内がオシャレな感じなので女子会やカップル、合コンなどにおすすめです。どれもリーズナブルで美味しくて最高でした。",隠れ房 南青山店
3,"表参道・明治神宮前駅・原宿駅から近くに、鶏の唐揚げとハイボールが名物のカフェ居酒屋があるのをご存知ですか？

“気軽・リーズナブル・オシャレ”の三本柱をコンセプトにしているお店“ チョウチンさん”家内と原宿で買い物した帰りに寄ってみて大変素敵だったので、オーダーしたメニューの中から特に印象的だったものをご紹介します☆

▼ ウフマヨ

お通し に出てきました。半熟玉子が割れた状態でお皿に盛り付けられているのですが、お皿にはお店特製のマヨネーズが敷いてありました。このマヨネーズが凄かった！酸味が抑えられ、クリーミー♪今まで味わったことがないお手製感を感じました。このお店のクオリティに過度な期待をしてしまいます☆

▼冷奴ピリ辛ザーサイのせ

この組み合わせは斬新！でも食べてみて分かった。冷奴は日本だけのものに非ず♪ザーサイのクセのある塩味と、ピリッとした味わいが、淡白なお豆腐と実に良く合います☆豆腐は変幻自在でありいろんなものを受け止められるんですね。これは病み付きになりそう♪自分の家でも再現してみたく思いました。

▼ 名物！唐揚げ！

だし醤油・おろしポン酢・ネギ塩から選ぶことができるのですが、ディップして食べるタイプ。今回はおろしポン酢で♪まずは何もつけずに頂きました。外見の衣部分は、カリッとパリッと乾いた感じの食感が特徴的です。お肉の部分まで到達するとプリップリジューシーな鶏肉に魅了されます。居酒屋でまさかの専門店にも負けない味わいに出会えるとは驚きでした。お店の方曰く、17:00から19:00のハイカラセットがなんと100円！との事！これはたまりませんね☆

▼お腹減ってるなら！！焼うどん（1人前～）

想像できるいつものあの味！焼きうどん。食べてみて全く別物でした。どちらかというと海鮮系の旨味が豊富な塩味風焼きそばの味わいに近いと感じました。野菜の火の通し方が絶妙で、ここのお店のシェフが只者ではないことが分かります。

まとめ

店内は女子が90%近く占められ、女子仲間でワイワイ飲んでいたり、仲良しな仲間やカップルも多かったです。原宿という若者の街にこれだけクオリティーが高い居酒屋があるとは夢にも思いませんでした。これはまた再訪してみたいですね☆",旨唐揚げと居酒メシ ミライザカ 青山外苑前店
4,"ここはやっぱりいいですねー！
店長の接客も最高でした！
ここは
食事よし
価格よし
サービス最高です。

本日のオーダーは
5400円の飲み放題コース
内容は
・先付け
季節の変わり豆腐彩り野菜の煮浸し
味は枝豆かな！そら豆かな！とても美味しかったです。
ここの豆腐はいろんな種類があっていつも美味しいです。
・お造り
お造り三種盛り
たい、赤身、ぶり（かな？）
・焼き物
鰆のきのみ焼
コレは抜群に美味いです。いつ食べてもここの焼き魚は本当に美味いです。
・煮物
つくば鶏団子大根の炊き合わせ白味噌仕立て
コレも美味しかった！団子も小芋も美味しかったですが、ダシが最高に美味しかったかな！もう一杯食べたくなる旨さです。
・小鉢
あおさ海苔の冷静茶碗蒸し
コレは暖かい方が美味しかったかも！この日は寒かったので！
・揚げ物
鶏そぼろのコロッケ
コレは最高でしたね！ご飯と一緒に食べたいですね！
・〆物
炊き込みご飯！
最高でした！もっと食べたかった！
・デザート
自家製杏仁豆腐でした！
今回も大満足です。表参道で飲むならここですね！",茶茶 Ryu-rey
5,"今回で何位目かわからなくなりましたが、やっぱりここはいいですねー！
お料理は美味い！
サービスはいい！
そして、
コストパフォーマンスもいい！
表参道で飲むならここですね！

場所は表参道駅から歩いて5分ぐらいかな！
お店は地下にあるのでちょっとわかりにくいかも！

今回のお料理はいままでとちょっと違ってました！
・お通しは枝豆のお豆腐！
これは味が濃くって美味しかった！

・お刺身
お刺身はサーモンとマグロ、ブリでした！
東京ではこれが限界かな！

・焼き物
さわらの焼き物ソースがいままでと違って美味しかったです。

・お椀物
この味付けも美味しかった！なんといえばいのかわかりませんが具材に味が染み込んでほんとうに美味しかった！

・コロッケ
このコロッケもアツアツで美味しかった！ホクホクですよ！

・お食事
炊き込みご飯と赤味噌！
味噌汁が美味かった！

表参道で色々行ってますがやっぱりここが一番いいかな！わたし的にはかなり気に入ってます。
人にオススメできるレベルです。",焼はまぐり 青山八番too
6,"表参道で飲み会は最近ここが多いですね！
5000円で飲み放題でお料理が良いのはここが一番良いような気がします。

・お豆腐（お通し）
・お刺身（サーモン、赤身、ブリ）
・さわらの醤油焼き
・大根の柚子そぼろあんかけ
・タコと昆布の酢の物
・鶏肉の揚げ物
・冷やし細うどん
・杏仁豆腐
これに二時間飲み放題
価格は消費税込みの5400円

内容から見たら、そして、場所柄から考えたらかなり安いですね！
表参道で色んなお店に行きましたが、仲間と飲むなら
ボリューム
美味しさ
サービス
を考えたらここが一番かな！
社員教育が本当に良くされてます。
特にサービスは何番ワンですね！
お会計時にちょっとしたトラブルがありましたが、しっかり挽回してもらいました！

強いというなら店長の笑顔がもう少し欲しいところですね！
それでも、良いお店です。
今回特に美味しかったのは鶏肉の変わり揚げのお味がお酒似合って本当に美味しかった！
別のお店で食べればお代はもう少し高いだろうな！って思いながらいただきました！

仲間と表参道で楽しく過ごしたい時にオススメのお店です。
今日で5回目ですが、今日も満足いたしました！
ありがとうございました！",表参道ワイン食堂Den
7,"ここの社員教育はすごくいいんでしょうね！
スタッフさんの対応が素晴らしく良いです。

今日は3回目の訪問です。
結構気に入ってます。
一人5400円でおいしいものが食べれます。
コースで食べるなら表参道付近では一番クォルティと価格のバランスがいいと思います。

本日のコース内容は下記の通りです。
5000円プラス税400円のコースです。飲み放題付きです。
スタート時はなかなかお料理もお酒も来ませんでしたが、後半はすごいスピードで挽回して来ました！笑笑！

先付季節の変わり豆腐と彩り野菜の煮浸し
お造り三種盛り合わせ
赤身、青魚、サーモン
焼物 鰆の醤油麹焼き金平練蓮根
強肴 冬大根の柚子鶏そぼろ餡
小鉢 水蛸 瓜胡瓜 若布 土佐酢ジュレ
揚物 つくば鶏の変わり揚げ
締め物 細打ち冷やし饂飩
甘味 自家製杏仁豆腐

最初の変わり豆腐は美味しかったな！
あとは鰆も気に入りました！揚げ物のチキンもいい感じでしたよ！最後の杏仁豆腐も美味しかったです。
やっぱりここはいいですよ！宴会をするならオススメかな！",Suginoko 青山店
8,"いいお店を見つけたので報告させて頂きます。

場所は、表参道駅から歩いて五分程度の場所にあります。
骨董通りにあるお店です。お店はわかりやすいですが、入り口は表から入らないと入れません！裏側からエレベーターで行くとお店には入れません。

お店の雰囲気は高級感があり、オブジェや鎌倉の形をした個室などがあり面白みもあります。デートや接待でも使えるお店です。
そして、店員さんの接客もむちゃくちゃいいです。更に食事も大満足でした！

マジ！いい感じです。

結論から言うとオススメのお店です。

今日のオーダーはコースにしました！
当日限定の熟成牛ステーキのコース
「花」4200円
飲み放題を付けて1000円+税

メニューに乗っている内容は下記の通りです。
変わり豆腐
旬のお椀
お造り三種盛り
ずわいカニのクリームコロッケ
箸休め
旬の炊き合わせ
熟成牛のステーキトリュフバター
季節のおうどん
杏仁豆腐

最初に出て来た！豆腐が甘くってとても美味しいです。これはきっと海外の方は喜ぶ味ですね！
お椀も豆腐でしたが、これもいい感じでした！
お造りはたい、マグロ、ハマチかな！
ハマチは脂が乗っていてとても美味しかった
ずわいカニのクリームコロッケもタルタルソースがいい感じで、私の好みのお料理になっていました！
箸休めはモズクでしたが、柑橘系の味がほのかにするモズクで、大満足です。
熟成牛のステーキは冷めすぎでちょっと冷たかったかな！
最後のデザートはティラミスに変更になっていましたが、これは美味かったです。

ここは
料理良し
雰囲気良し
サービス良し
のお店だと思います。",フォンダ・デ・ラ・マドゥルガーダ
9,今日も隠れ房で夕食。前菜盛り合わせはクリームチーズカラスミや、松前漬、鴨ロースなど6種類。5種の刺身盛り合わせ、豚角煮とじゃがいも煮などをオーダー。〆に昨日食べたカラスミそばをオーダーしようと思ったら、蕎麦の品切れってそれはないだろって思った。,三代目 鳥メロ 外苑前スタジアム通り店
10,連チャンの隠れ房での夕食。昨日と異なったのは牛すじ塩煮込み(なかなか美味しい)、ノドグロの一夜干し(小さなノドグロで丸ごと食べられるほど)、カラスミそば(幸村のカラスミそばとは異なりカラスミで覆われてはいない。オリーブオイルも使われているがそれほど洋風な仕上がりにはなっていないがボリュームはたっぷり。2人で分け合ってちょうどいい感じ。昨日よりは茹で加減は良かったし、蕎麦をパスタ感覚で食べるイメージだろうか？結構いける)。,うさぎ
11,"ダイヤモンドダイニングの隠れ房で反省会をしながらの夕食。久しぶりの利用だ。生ビールや麦焼酎の麻生富士子をオーダー。
お通しは冷たい茶碗蒸し。オーダーしたのは、お造りの盛り合わせ（アオリイカ、帆立、ハタ、赤身等。まあまあ）、氷温熟成豚バラ肉　とろ角煮の肉じゃが（これは美味しい）、吟醸豆富の厚揚げ（厚揚げ焼きは大好き）、ずわい蟹のクリームコロッケ（タルタルで。美味しい）、出汁巻き玉子　～千葉県産濃厚赤玉子～（美味しい）、茨城県産つくば鶏のつけ汁蕎麦（つけ汁には鶏団子や鶏肉、長葱で美味しいのだが、肝心の蕎麦は茹で過ぎ。オイオイってレベルだった）。",和食とお酒 きいろ 青山店
12,"隠れ房を初めてディナーで利用。ダイヤモンドダイニングの業態だ。100店舗100業態を謳っていたいたダイヤモンドダイニングだが、隠れ房の業態は6店舗あるようだ。内装はかなりオシャレで半個室が豊富なのだが、ただ、店内にあるカラオケルームのCACHEの宣伝がところどころにあって、ちょっと雰囲気を壊している感じがする。

お通しは、冷たい煮物なのだが、これもなかなか美味しい。オーダーしたのは、生湯葉（700円　普通に美味しい）、あん肝（これもまずまず）、お造り5種盛合せ（3500円　かなり厚めに切られた刺身。生蛸、ブリ、鰹、赤身、中トロ、鯛。刺身も悪くはないが普通）、銀ダラの幽庵焼き（1000円　しっかりした味付けだが、これもちゃんと美味しい。ご飯が欲しい感じ）、オコゼの煮付け（1300円　しっかりした味付けで、甘く濃いめに仕上がっている。ご飯が欲しい）、板蕎麦　本返し（780円　この蕎麦が期待以上の出来。蕎麦つゆは、軽いが、出汁はしっかり効いており、これもありかと思う。蕎麦はしっかり蕎麦の香りがして美味いし、たっぷり。今日のメニューではこれが一番美味しかった）。

思ったよりもちゃんと食べられる和食ダイニングだった。",鹿児島県霧島市 塚田農場 表参道店
13,"よくご利用させて頂いています！

ご飯は全体的に美味しいと思います。
金額もそこまで高くなく、コスパも悪くないです。
メニューによっては少し金額設定が高めのものもありますが、美味しいです。

お店の雰囲気もよく、うるさすぎない店内なので接待にも使えると思います。

熟成牛の鉄板焼きトリュフバター添えはトリュフバターがアクセントになりお肉も柔らかかったです。

産地直送会津産馬刺し四種盛り合わせは４種類の馬肉が楽しめて、ついてくるタレも良かったです！
お店に行った際は一つ注文してみてもいいかもしれません。

長芋の醤油漬けは予想はイメージ通りの味！

ずわい蟹のクリームコロッケも美味しい！

釜飯も締めに食べて頂きたいです。注文してから40分ほどかかってしまうので注文するなら先に
しておいた方がいいですね！（定員さんからもご案内はあると思いますが、、。）

隣には系列の完全個室のカラオケ屋があり、食事のあとに歌うもよし。
カラオケ個室の中でコース料理も楽しめます！（要予約）

隠れ房の雰囲気もいいですが、カラオケ店の雰囲気も負けず劣らずいいです！",QUONS
14,"神宮でナイター観戦の後、軽く飲んでから帰ろうとこちらを訪問。

店内はかなり明るく、広めでゆったりした感じ。

奥のテーブル席に通され、タッチパネルでファーストドリンクを選びます。
球場でもビールはかなり飲んだので、最初からハイボールをオーダー。

つまみは軽めにエイヒレ炙り焼き、トロ縞ほっけ。ちょっと腹にたまるもの
も1品頼もうかと、うどんde鉄板ボロネーゼをチョイス。

エイヒレはまぁ普通かな。ほっけは結構大きめ、脂の乗りも悪くありません。
酒の肴にはちょうどイイかな。

以外に良かったのはうどん、パスタのボロネーゼの麺をうどんにしただけ
ですが、これが以外とはまってます。

ランチメニューでこれが出てきてもいい位（笑）

まぁまぁ飲んで、終電近くにお会計。2時間弱の滞在で1人2千円をちょと
超える位。お安く飲めて、気持ちよく帰路につくのでした。",龍府
15,"ワタミの新ブランドとしてここ数年で勢いよく店舗数を伸ばしているミライザカさん。
お店は綺麗で禁煙席もあり、注文スタイルはタッチパネル。最近のお店って感じですね。

大きなテレビがあるのはどこの店舗も共通なのかな？
大手チェーンの居酒屋だけあって品揃えや味は安心できます。裏を返せばどこにでもあるかな。

ただ安い。お酒の単価も安い。
ついつい飲み過ぎて一人当たり約4000円でした。
これだけ飲めればいいのかな。",まさや食堂 二号店
16,"ミライザカ　青山外苑前店

早慶戦の後に毎回必ず訪れる神居酒屋

飯がとにかくうまい！
チキンが最高クラスに美味しい！

締めのラーメンも、ラーメン屋か？
と思うくらい美味しい！

スポーツイベントのあとは毎回満席になる人気店です！",北京ダック専門店 北京カォヤーテン 原宿店
17,"友達がOZの女子会コースみたいのわ探してくれて予約しました。

表参道のこのビルは何度かきたことがあるけど、こちらのお店は初。
オシャレ〜。こんな雰囲気の良いお店があったなら早く知りたかったな。

土曜の夕方、満席。
少人数の女子会とデートのカップルがほとんどでした。

お料理と飲み放題3時間ついて4800円だったかな。
コースのコスパ含めて最高でした！

お料理はどれもおいしく、飲み放題なのにお酒もおいしい！接客もとてもよかったです。
またこのコース利用したい！

とくにおいしかったお料理は、、、全部です。笑
おばんざい、白身魚ととうもろこしの素揚げ、焼いた鶏肉、丁寧に作られてて素材も味付けもおいしかったです！

デザートのあとに出してくれた、抹茶と黒蜜の寒天も美味！

またきたいと思います。
ごちそうさまでした！",否否三杯
18,2回目,ゆいま～る食堂 原宿店
19,"エレベーター降りたらすぐにお店で、
靴を脱いで上がります

結構広め！
個室もカウンターもある

頼んだもの↓
しそジンジャーエール
おばんざい3選
銀鱈の西京焼き
出汁茶漬け:鯛ごま和え
塩鶏の柚子胡椒焼き
鰻とろろ串
だし巻き卵

おばんざい心ひかれまくって3選にしました。おいしい！♡
西京焼き、だし巻き卵は特においしかった！！
西京焼きはもう一つ頼んでもいいな〜てくらい
鶏、鱈の焼き加減とかも大正解でした◎

場所的には駅からはちょっとある？けど、
立地的に使いやすいし、
デートとか、女子会とかに最適な雰囲気♡
お酒飲めるようになってもう一回来たいな

ごちそうさまでした！",鶏だしおでん かしみん 青山店
20,"ランチはそこまで高くなく、落ち着いて会話のできる席を用意いただける、貴重なお店。
会食にも使えるお店で且つ、お昼も空いている貴重なお店。
おばんざいはかなり種類があって、どれも美味しいお食事でした！！",
21,"何故かふと焼き蛤が食べたくなって来店。
きっとグルメ番組か何かで見たからだと思う。

この店は移転前に一度来たことがある。確か今から17年前のこと。その時は青山ツインタワーのすぐ裏手にある黒塀の一軒家で瀟洒なつくりだったと記憶しているが、今はビルの路面店で、すっかり居酒屋の設え。

何も注文しなくても焼き蛤が次々出てくるのは昔と同じ。ただし、違うところは、焼き蛤にバリエーションができたこと。全部で５種類あるらしい。出された順に
①カツオ出汁
②醬油（定番かつ鉄板）
③胡麻油風味
④蕪と柚子（下ろした蕪に柚子皮の摺り下ろしを載せて）
⑤岩海苔（これ一番のオススメ）
一種類3個セット。一個200円。
すなわち、この５種類を食べると15個食べたことになり、お会計は３千円、という勘定。
ハマグリは嫌いじゃないが、さすがに15個も食べれば十分な感じ。隣席の若者はツーラウンド目に突入中…

焼きたてなので、木製洗濯バサミで摘んで食べるのは昔には無かった面白いアイデア。しかも食べた後の貝殻は捨ててくれず、その上に次々と焼き蛤を積んでいく。いわゆる「映え」を狙った演出。

スタート時にハマグリ以外のメニューを見て、石川産河豚唐揚げと長茄子の炭火焼を注文。ドリンクは、まず生中（一番しぼり）、2杯目からグラスワインの白。これがオーストラリアのシャルドネなのだが、焼き蛤によく合う。ハウスワインとしてはナイスな選択。

たまたま焼き台の前のカウンター席のため、炭火でハマグリを焼く姿がよく見える。ふときづくと、焼き手のエプロンに『１級焼きはま師』とデカデカと刺繍されている。気になったので、思わず当人に質問してみると、「これはハマグリを焼く人がつけるエプロンです。特に1級、2級などの資格はありません」という回答。いわば店内のみで通じる洒落のようです。

数年ぶんの焼き蛤を味わった感じ。今回は17年ぶりの来店だったけど、次回はあと5〜6年後かなぁ⁈",
22,"食べログ★3.02

【焼はまぐり 青山八番too】
さんにお伺いさせて頂きました。

場所は、乃木坂になります、
外観は、白黒基調の外装の中、街並みに溶け込んでおります、
内装は、カウンター席、そしてテーブル席がございます、

こちらあは知る人ぞ、知る
「焼き蛤」専門店
になります、三重県産の、新鮮な蛤を美味しくたくさん頂けます、

ランチタイムは、魚中心の定食に小鉢がついてきます、

♦️銀鱈の西京焼き
・あかひご卵の醤油漬け
・いくらおろし
・蛤×2

焼き立ての、焼き具合の実により、「銀鱈の西京焼き」
この西京焼きの、濃さ甘さは実に良いですね、

卵の黄身、いくらおろし、煮物、ナメロウ、サラダ、味噌汁、
丁寧な仕事をされており、どれも美味しく頂けます、

特筆すべきは、
・蛤焼き

ではないでしょうか？
やはりこれが一番です、焼き立ての蛤！！！
たまりませんね、

素材の良さが全面にでます、
実に良いですね

dinnerでお酒と合わせると、貝類、とくに蛤は抜群ですよね
間違いありません、

良いお店ではないでしょうか？",
23,"お昼ごはん

■あこう鯛の炭火焼き定食¥1100（税込）

青山一丁目駅から徒歩5分ほど。ストップ！というまではまぐりが出てくる、わんこ式スタイルのはまぐり焼き店。平日お昼に初訪問。お昼はわんこ式はまぐりはもちろんなく、和食の定食が並びます。その中から、「あこう鯛の炭火焼き定食」をチョイス。

5分ほどで到着。あこう鯛の他、サラダ、大根の煮物、味噌汁、白ごはん、そして焼きはまぐりがひとつ付いてきます。香ばしく焼き上がったあこう鯛。西京焼き仕立てでしょうか、下味がよく、身もふっくら柔らかい。焼きはまぐりは身は小さいですが美味しく、欲を言えばもっと食べたい笑。あおさの入った味噌汁や炊き立てのごはん。小鉢の大根など、ちゃんと整った定食でこの界隈では重宝すべきお昼メニューです。",
24,"表参道駅から徒歩１分くらいの駅近のお店。

料理は表参道・駅近だから高いと思いきや、めっちゃリーズナブル！
好立地にも関わらず、このお値段で出せるなんて驚きでした。

食べたものは・・・
真鯛のカルパッチョ
フォアグラ味噌
エビとアボカドのタルタル
ジェノベーゼナムル
牛ホホのロースト
桜レアチーズケーキ
イチゴのミルフィーユ

どれも完成度が高く、特に牛ホホのローストのボリュームは見た目から感動しました。
ワインは残念ながらオーダーしませんでしたが、隣の方の見てなみなみついでいたのでビックリしました。

本当にオシャレな立地でこれだけの料理・ドリンクが豊富なのにこの値段！？と圧倒されました。
こんなリーズナブルなお店があったとは・・・。
使い勝手がとても良いのでまた訪れたいです！！！",
25,"2回目の訪問。
前回を踏襲すべく、パテ、鮮魚のカルパッチョ(今回はタコ)タコ新鮮で美味しかった〜、オムレツ、ガーリックピラフ。こちらは写真撮ったけど、お初の牛盛り(確かこんな名前)、ハマグリと竹の子のアーリオオーリオは食べた後に気がつき時すでに遅しで写真撮り忘れました〜泣
牛盛りはハラミ、サーロイン、タンの3種類のグリルでその中でもタンは柔らかくてジューシー！！
肉の旨みを十分に堪能できます。
今回の1番でした。
盛り付けも綺麗だったから撮り忘れが悔やまれます。
今回も美味しくいただきました。
ご馳走様でした。
2021/03/23 更新",
26,"4人でお邪魔しました。
とにかく、頼んだメニューはハズレなしで全部美味しかったです。
ワインもお手軽価格で色々楽しめます。

・鶏レバーのムース
・エビとアボカドのムース
・鮮魚のカルパッチョ
・フォアグラのオムレツ
・ハラミのグリルステーキ
・ガーリック炒飯
・栗のチーズケーキ

鶏のムースとタルタルは自分の好みドンピシャ！期待を裏切らない味。
カルパッチョは好きなメニューなのであれば必ず頼むメニューですが、こちらは味噌風味⁈
ちょっと期待外れかも・・・？と思いながら注文しましたが、ありです‼︎ 味噌ありですね‼︎
新しいテイストに出会えて嬉しかったです。
そして、ガーリック炒飯とお店お勧めのオムレツで幸せMAX。
〆のチャーハンおかわりしちゃいました。(笑)
食べ過ぎという罪悪感を感じつつも次の訪問を考えた私。他にも気になるメニューがあったのでまたお邪魔したいです。
ご馳走様でした。",
27,"まんぼうもあけて久しぶりに外で飲みました。
表参道という場所が華やかで、それも久しぶり。
予約するとお得なコースなどもあるようなので次回はそれを利用してみたい。
今回はアラカルトで。
気になるものを色々と。
アンチョビキャベツ、アヒージョ、ステーキ。
どれもワインに合う！！
ハラミのグリルステーキ美味しかった！！
こうやって外で楽しく飲む時間はやっぱり楽しいですね。
また飲みに行きたいお店です！",
28,"個室、半個室でモノトーンの落ち着いたお店。
大通りから1本ロジに入ったところにあり、乃木坂寄りとはまた違った
たたずまいでした。

コース料理は、お出汁の利いた豚しゃぶコースで刻んだ葱がいっぱいで
あっさりとした味わいでした。
隠れ家として利用されても良いかもしれません。

この時期とても心も温まるお鍋でした。

しいて言うなれば、飲み放題の飲み物のメニューをもう少し増やしてもらえると
より利用しやすくなるのですが。
でも、落ち着くから良いか。",
29,"表参道駅の裏通り、1Fのテラス席にチェック柄のテーブルクロスが敷かれたオシャレなイタリアンに目が奪われてしまうが、右に視線をそらすと20時まで食べられる「ランチ」の看板が。（おそらくコロナ期限定）

小さな入口から３Ｆへ階段を昇ったフロアにあるのが、豚しゃぶをメインとする
ダイニングの「SUGINOKO」。
 
豚汁、ライスがお替りできて￥1000いただけるならば、ここで食べて帰ろうと気が向くもの。
8種のセットのうち、やはりここは豚丼セットで。

甘めのタレと豚肉の旨味と油脂が混じった汁がライスと馴染めば、ライスだけでが進んでしまいそうな相性の良さ。旨味と甘みがミックスされた風味は、和食の出汁文化に慣れ親しんだ日本人の味覚にフィックスするのだろう。

そして、さらに丼でもライスがお替りできるとは尚更嬉しい。
 
表参道で夜に定食だけ食べて帰れるお店はなかなか見つからないもの。
コロナの影響で飲食店は非常に厳しい状況だろうが、消費者の立場からすると夜でも落ち着いた雰囲気的で気軽に定食ご飯がいただけるのは嬉しいものである。
 ",
30,"表参道駅B2出口から歩いて２、３分ほど、建物の３階にある個室がメインの和食の居酒屋。
（１階、２階は地中海料理の表参道 バッカスさん。）
バッカスさんは目立っていますが、Suginokoさんの看板は少し分かりづらいので、
バッカスさんの場所を探せば間違いないですね♪

黒豚しゃぶしゃぶ食べ放題コース
しゃぶしゃぶ食べ放題の４品で、４０００円のコース（土日祝日は３５００円とお得！）

先付（じゅん菜豆腐）
固めの豆腐に海老とそら豆とじゅん菜で上品な味わい。

本日のサラダ
揚げた湯葉、じゃこなどが入っており、食感が良く、量は多めです。

黒豚しゃぶしゃぶ
特製和風だしで頂きます♪（お肉と出汁が追加可能）
脂身は多いですが、重さはなく、甘みが感じられて美味しい。
追加のお肉もグレードは変わらずGOOD！

〆の蕎麦
お出汁に投入していただく細い蕎麦。
少し粉っぽさがありました。

料理、サービス、雰囲気と何か飛び抜けたものがないといった印象。
もう一歩決め手になるようなものがあれば、また利用したいですね。
ご馳走様でした。",
31,"フォンダ・デ・ラ・マドゥルガーダ

日本人スタッフのいない本格派！

2018年1月31日現在 食べログ評価 3.58

東京での仕事の後、お疲れさんを兼ねて、食事会と相成りました。
日曜の神宮前エリアの夜は嘘のようにひっそりと静まりかえり寂しい限り。
それに呑める店も限られてしまいます。
そんな状況下、食べログで検索してヒットしたのがこちらのメキシコ料理店！
500m圏内、居酒屋のランキングトップに登場（笑）
居酒屋か？

26時まで（金土は29時）と、かなり深くまで営業してくれているのが希少なんです。
もちろん評価も高いので失敗も無さそうだし。
いつものような和食居酒屋系のマンネリも打破できちゃうので一石二鳥ってことで。

四半世紀は続いている有名店で、その存在を承知してはいましたが、訪店は初めてなのでワクワクです。
原宿の北、明治通り沿いで、千駄ヶ谷小学校交差点と神宮前一丁目交差点の丁度中間ぐらいのところ。
ヴィラ・ビアンカというビルの地下にあります。
周辺は暗いのに、この一角だけ明かりでギラギラ。

落書きだらけのオレンジ色？のグルグル階段を下って行くとそこはもう異国情緒300%！
おまけに店員さんに日本人は皆無。
全員がメキシコ出身か、それに準ずるラテン系の方達ばかりで。
さらにB2まであって、再びグルグル行くと、そこはもう暗黒の歓楽世界（笑）
なんだろう？この危ない雰囲気（笑）
ギャングがメシ食ってそうな。
生演奏の歌声と拍手が響き渡るテーブル席を横目に、我々8人は個室に案内されました。
個室と言っても、カウンターのあるバーコーナーで、ちょうど8人くらいで座れる大テーブルがある感じですね。
とにかく暗いです。
だから、写真を撮るのに一苦労。
ノーフラッシュだと直ぐブレまくり。

そしてトイレもヤバい（爆）
危うく出れなくなるところでした（爆笑）
ここも典型的な外国。
もはや日本にいると思えない錯覚が(;'∀')

まずはビールで乾杯！
コロナ、ソル、テカテなどをめいめい頼んで。
それにしても、ドリンクが高い！
ビールは900円～
テキーラやラムの類も1000円前後は最低ライン。
結局一番リーズナブルなのがボトルワインなので、人数が多ければそれがよろしいかろうと。
以降はワイン一本で。
中南米のワインが色々ストックされ、3000円前後からありました。

フード類はメキシコ経験値が低い故、ミュージシャンのマネージメントを務めている女史におまかせで。
それが一番失敗しなさそうなので（笑）

お通し：トルティーヤチップスwithサルサソース
このサルサソースはフレッシュ野菜がたくさん入っていて押しつけがましくない味付け。
さっぱりしていてけっこうイケてました。
第一印象良好の「好発進」です！！
これは期待できそう。

その後、次から次へと目まぐるしく登場する料理！
なにがなにやらよく分からないままに胃袋に放り込んでいきます。
料理名は適当なのでご容赦を(^^;

ハラペーニョ・レジェノス
コロッケが登場！
中身はチーズ！
それを巻いてたのが、青唐辛子の類「ハラペーニョ」なんです。
加えて、ハラペーニョの酢漬けも登場！
一緒に食べれば、もう辛党の私には天国でした。
チーズのコクと辛さのせめぎ合い。
最高です（笑）

サラダ
シーザー風のドレッシングに満ち満ちてました。
加えて、チーズの切り身がゴロゴロ！
ア定番のアボカド、そして美味しいパプリカ！
水準以上の出来栄え。
酸味もポイントですね。

エンチラーダ
チーズフォンデュの調理器でトロットロのチーズ。
それを目の前でトウモロコシの生地の上にクレープの様にチーズを延ばしながら、目の前で巻いていき、春巻みたいにロールに作り上げてくれます。

ポジョ・コン・モレ・シルエラ
グリルしたチキンの上にたっぷり掛けられていたのは、なんとチョコレートソース(；ﾟДﾟ)
恐る恐る食べてみると…
甘くないカカオソースという感じで、たとえて言えば、味のボケたデミグラスの様。
う～ん、決して感動するようなものではなかったなと。

その他、グァカモーレ、ナチョス、アボカドソースみたいなチキングリル、などなど
食べ切れないほど食卓に並び、何が何やら（爆）

途中、メキシコの流しのおじさん3人組が2曲ほど披露。
これがレベル高い！
抜群のハーモニー（笑）
チップあげなきゃいけないような雰囲気でしたが、サービス料に込みでしょってことでスルー。

ムード満点なので、デート利用もあり！
わいわい仲間内のパーティもOK！
商談は向きません。

本場の味は楽しいのものなのですが、人数が少ないと単価が跳ね上がると思われ、CP的には楽観を許さない事態に陥りそうです。
別途サービス料もかかるようなので、決して安い店ではありません。
でも、味わって損は無いかなと。

/_/_/_/_/_/_/_/_/_/_/_/_/_/_/

翌日の体重増減　+0.1kg
累計体重変動　　-3.6kg

/_/_/_/_/_/_/_/_/_/_/_/_/_/_/",
32,"神宮前に佇む堀田英二氏が設計した集合住宅、「ビラ・ビアンカ」。57年前に誕生した都市居住型の集合住宅だ。プライバシーを守るために通りに対して斜めに構え、住戸の内部空間と外部空間を交互に積み上げたその形状には堀の深さと複雑さが生み出す独特の造形美がある。木組みのようなデザインをRCで再現して壁の全てをガラスとした外観には和の雰囲気を醸し出しながらも斬新さがうかがえる。
このお店はそんなビンテージ有名建築の地下にある。
通りに面したゲートにあるサインがもはや異国情緒。そこから複雑にうねる階段を下に下に。B1到達したと思ったら、「更に下ってください」の看板。階段の途中から大空間が望める。メキシコの夜のようなに賑やかな、暗さ。造作も家具も全てに素朴な力強さと意匠センスが感じられる。
やっと最下階に到着。吹き抜けを囲むようにいくつかの部屋が続く平面構成。柱を感じさせない有機的なその空間形状は洞窟のような、遺跡のような。日本の都会でこれは希少で貴重な空間だ。
コロナ禍での営業だからか、マリアッチの生演奏は一人で。
これがまた良い。片言の日本語でお客と会話をしながらその場で思いついた曲を演奏して回っている。
空間も演出も、そして料理も本場感が満載。
謎の地下空間でどっぷりとメキシコ情緒に浸ったのだった。

◆カルド・トラルペニーニョ
ひよこ豆やジャガイモが入ったチキンスープ。
思ったよりもサラサラした状態。ピリ辛を楽しんでいたが赤い野菜を噛んだ瞬間に超刺激が走る。ヒー、大きな生の唐辛子だ。

◆グアカモーレ
アボカドのディップ。
なめらかなアボカドに細かく刻まれた玉ねぎがシャキッ。そこにライムの酸味が加わって美味。
トルティーヤチップスは細長の三角形。味も形も、本場感あり。

◆セビチェ
ライムの香り爽やかな白身魚マリネだ。肉厚の白身は奥深い弾力を伴った噛み心地。
オリーブの深みも加わり贅沢感が味わえる。

◆カマロネス・アル・テキーラ【絶品】
海老のグリルをテキーラを効かせたクリームソースに絡めて。
焦げた海老の甲羅の香ばしさにテキーラのコクが加わって美味し。ワイルドな見た目とは全く違う上質さがここにある。最後はソースをライスに絡めて頂く。これはまた食べたい。",
33,"南米によく行くお友達に
「現地で食べてるようなメキシコ料理が
食べられるお店教えて！」とお願いして
オススメされたのがこちら⭐︎

日曜夕方当日お電話で予約をお願いしようとしたのですが、
おそらくお店がお忙しくて電話が繋がらず……
とりあえずお店まで行ってみる？と向かう途中で
お電話折り返して下さり無事に来店できました〜。

ドアを開けると階下に広がるのは、
ラテンの下町のような異国情緒溢れる巨大な空間。
ここはメキシコのテーマパーク？
それとも現地にトリップ？
そんな錯覚に陥るすごい空間です。

まさか通り慣れてる道沿いのドアを開けたら
こんな空間が広がっていたとは〜
一同びっくり＆テンション高めで席につきまして。

まずは各々テカテを片手にかざして乾杯〜！
ワカモーレをつまみながら冷えたビールが美味しい〜。
ワカモーレはしっかり塩っ気の効いた庶民的な味つけ。
ハラペーニョとチーズのフリットと供に
お酒の進むお料理ですね。

メインは念願の鶏肉のチョコソースがけを！
一体どんな味なんだろうと興味津々だったお味は……
チョコレートは前面に押し出されておらず、
スパイスが効いた中にチョコのまろやかさがプラスされた
とても食べやすい美味しい鶏肉料理でした。

席数が100オーバーのデカバコなのにもあり
スタッフさんがせわしなくフロアを回っているにも関わらず
なかなかオーダーが通しにくいのはちょっと気になりますが、
一度テーブルに来てくれるとフレンドリーに
お料理の相談にしっかり乗ってくれるから嬉しいですね〜。

またマリアッチがテーブルを回ってくれて
終始賑やかな雰囲気に包まれたフロアは、
年の瀬にワイワイお友達とお話しながら食事するのに
ぴったりだと思います。

また大人数で改めてお邪魔したいです〜。",
34,"休日穴場の備忘録。土日祝のランチ＆アイドルタイム営業はありがたいですねー。

お盆休み真っ只中、神宮の野球も無いので閑散とした外苑前。居るのは日本青年館のお客さまぐらい？チケット争奪戦を勝ち抜いた戦士たち( *´艸｀)綺麗な人、お洒落な人、可愛らしい人が多いなぁ…あ、そうでもない人もちらほら居ないこともな(毒)

今回もチケ神様のお恵みで最速先行でマチソワが叶いました。ただでさえお店が少ないここいら辺、しかもお盆！暑いし歩くのも苦痛。幕間どーする？ビールは飲むよねー。
近場でその時間でも食べて飲めるお店を事前にピックアップ→HUB大戸屋VELOCE最悪シェイクシャック…かなー。

会場から駅方面に歩く途中、連れが「駅前の居酒屋さん、ビール199円でランチもやってたよ」と囁くので向かってみると帝一仲間が地下の階段を揃ってくだって行くではありませんか。
地上の行灯にはビール199円
ここしか無いね‼焼き鳥でビール!ビール!

大きなテレビで高校野球？プロ野球？メジャーではなかったな。その日は野球のことは1ミリも考えられない日だったのでうろ覚えです。外苑前まで来てここで野球見るなら1500円払って神宮の外野で見たいなー。

とりあえずビールで(^^)／＼(^^)乾杯
ジョッキは小さい小さいやつです。
でも小さい方がいつもキンキンに冷えてるのを飲めるので大きなジョッキより良いですよね。重くもないからクイクイいきます。

お料理は揚げ物大好きな連れが串揚げととうもろこしのてんぷらを選んだので焼き鳥は余力が有れば、ということで断念。
このお店一番推しの大きな鶏の1枚肉グリルをめちゃめちゃアピられたのでそれにしました。これは提供までにだいぶお時間かかりました。なんか、じゃんけんだったかくじ引きだったか(うろ覚えが過ぎるw)お値引きサービスチャレンジに友達が挑んだけど普通価格って、別に損してないのに何故だか残念な気持ちになる庶民ども。
ふたりでは大き過ぎて私はちょっと飽きました。もっと大人数で、熱いうちにワーッと食べちゃうべきお料理ですね。
串揚げも、いっぺんにまとめて来ると最後の方は冷めて油回りますしね。これはオーダーを連れに任せた私が悪い。とうもろこしのは一口しか食べなかったな。記憶にない。

でもくんせいのハム？ベーコンだったかが入ったポテサラはクリーンヒット。お醤油系ジュレがかかっていて、それと一緒に食べると更に美味。写真がないサラダも美味しかったです。

串揚げも鶏のグリルもなかなか減らないうちに小一時間。そろそろ会場に戻る時間だけど連れが「〆でうどんを食べたい」とのことで頂きましたおうどんが、なに？これ、やさしい味～。美味しい～。喋ってたからおうどん３本くらいしか食べれなかった(笑)これ、お腹空いてるときひとりで全部食べたかった～。

いやいやいや、チェーン店居酒屋さんのアイドルタイム、ビールにレモンサワーにハイボール、梅サワーもかな。ふたりで7～8杯にお料理6品お腹いっぱい食べてで5000～6000円。御見逸れしました。コスパ善き‼
ここは必ずまた来ます。
今度は焼き鳥を少しずつとポテサラ、うどんはひとりひとつ(笑)
多分土日祝のデーゲームの帰りかな。
それまでビールの価格は据え置きでお願いしますねー！神宮行くぞー！",
35,"初の国立競技場。オリンピックは行けなかったけど、Jリーグの企画が当たったので、FC東京対ガンバ大阪に参りました。席が南サイドだったので最寄り駅は外苑前。妻と待ち合わせに1時間ほどあったので、駅近の此方で待つことにしました。

まずは1リットルの男前ジョッキで生を。つまみは串揚げ5種セット。生と一緒のお通しはざく切りキャベツに塩昆布。シンプルで美味い。和民の懐かしさを感じます。

串揚げは玉ねぎ、山芋、蓮根、大海老に豚串。ソースをたっぷりかけて、串はサクッと軽い。大海老は頭からいきました。ちょっと硬いけど海老味噌も美味い。身だけだと小さいけど、つまみとしては良い。

追加で焼き鳥5本をタレで。焼きが甘いのかな。あまり香ばしく無い。肉としては良いですが焼き鳥感が。もも、皮、ぼんじり、ハツ、砂肝の黄金セットだけに残念。そのあとで妻が塩で5本頼んだら、しっかり焼き。焼き手が違ったかな。

国立競技場は飲食店少ないので、丁度よかったです。

2人で4000円程。

ごちそうさまでした。",
36,"ヤクルトスワローズのファン感謝祭のあ帰りに友人と寄りました。
秩父宮でラグビーも開催されてたためか、店内はまだガラガラでしたが席はほとんど空いてないとのことでした。

あとからスワローズの小学生チームご家族たちが打ち上げしてました。

リーズナブルに美味しい鶏を食べられるので何度か利用していますが、今回は、友人がオーダーした「里芋の唐揚げ　¥399」がとても美味しかったです。
里芋、あまり好きではなかったのですが、これなら大好物です。",
37,"友人のサプライズ誕生パーティー開催のため、こちらの個室を利用させて戴きました。
大学ラグビー観戦の帰りです。

チェーン店なので、他の鳥メロと変わらず、安定したお酒とお料理を安定の価格で提供してくれます。

このお店の一番の利点は、そのキャパの広さです。
神宮や秩父宮があって、一度にたくさんの人で溢れても空いてることが期待できるところです。",
38,"広島出身の人間にとって、

広島風のお好み焼きは、絶対に外せない料理。

東京に来て、広島風お好み焼きを何軒食べ歩いたか。。。

この日は、ネットのニュースでオープンを知った原宿の「うさぎ」へ。

１９時半に行ったのですが、席は満席！少し駅からはなれているのに凄い！

予約していて良かった！

まずはビールと鉄板料理。単価は安いけど、量もそれほど多くないので、少しずつ

いろんな種類を楽しめるかな。

お好み焼きは、ネギとイカ天が入ったうさぎスペシャルをオーダー！

イカ天はやっぱり外せないな〜。

やっぱり懐かしい味。ちょっと量が少ない気がするけど。。


広島風お好み焼きのお店って、だいたい広島にゆかりのある方がやっているケースが

多いので、カープの話題とかコミュニケーションをとれるのが楽しいです！

結局、味ではなくてそれが目的になっているのかな。

結構長居してしまったけど1人３０００円程度。やっぱりお好み焼きは安くて美味しい！

またいきたいと思います。",
39,"利用頻度の高い神宮前COMICHIのほぼ隣に在る広島お好み焼き店。

やたらと重たいドアを開いて中へと入ると、まぁまぁいい感じのカウンターとテーブル席が幾つか。

残念ながらカウンターは空いてなかったのでテーブル席へと座り、（やや記憶が曖昧だけど）オーソドックスに肉玉を注文した、はず。

かなり高い確率で店主が広島の人なのであろう、店内にはカープ坊やの時計や模型が散見された。

お好み焼きは目の前で焼いてもらうのが醍醐味なのかなと思っているけど、残念ながらじゅうじゅうと焼ける音を楽しむのみとなった。

待ち時間は10～15分といったところだっただろうか。さて、実食。

高さ5㎝ほどの円柱をまずは4等分にしてから、更に細かくしながらヘラで食べ進めてみたが、根幹となるべき粉に主張が無い。

ソースは店内のあからさまな雰囲気から当然に毛利醸造製かと思いきや、普通にオタフクを使用しているようだ。

個人的にはお好み焼きにもやしはマストだとは思っていないが、このもやしはいいと思う。わざわざ広島から空輸して仕入れているのだろう、あくまで想像だけど。

気が付けば食べ終わってしまったのだが、何だかピンとこない。この物足りなさの所以は何だろうと色々考えた結果が以下の通りとなった。

まず、焼き立てであるにも関わらず何故か熱々じゃないのが気になったけど、基本的に空気に触れる面積が大きすぎるのではないかな、と。

多分、シャキシャキで食べさせる意図でキャベツは軽く火を通すイメージなんだろうけど、これが全体を冷ましてしまう要因になっているように思う。

加えて、鉄板の上で崩して焼いただけの実質的には単なる玉子焼きを上に乗っけただけで蓋の機能は果たしておらず、熱を逃がしてしまっている。

それなら、しんなりするまで焼いたキャベツ&焼きそば等を2枚のクレープ状で包み込むイメージで熱を封じ込め、仕上げに卵黄を半熟状態で乗っければ、熱々でとろりとした食感を楽しめるはずだ。

更には薬味に細目の九条ねぎと大葉をトッピングすればこれはもう旨くないはずがない！

と・・うっかり熱くなってしまったが、あースッキリした。

何だかんだ店内の雰囲気や接客面については何ら不満は無いし、お好み焼きだけが全てじゃないので違った形での再訪は十分ありえるかと思う。やっぱ鉄板焼きはテンション上がるしね。",
40,"友人おススメのこちらのお店へ。
原宿でお好み焼きかぁ。。。確かに初体験です。
地図を頼りにたどり着いてみると、
出迎えてくれているかのような、
大きな可愛らしい提灯。
心がほっと緩みます。

テーブル席もありますが、
せっかくですから、
大鉄板前のカウンター席に着席。
コテさばきLiveショーに期待です。

いただいたのは、
“うさぎ焼き”、“明太チーズオムレツ”、
“ホルモン焼き”など。

期待通り、目の前でスタッフの方が、
各種素材を鉄板の上に手際よく取り出して、
ヒラリヒラリと軽やかにコテを操り、
手際よく料理を仕上げていきます。

メインの前にお願いした
“明太チーズオムレツ”と“ホルモン焼き”、
最終的にはお皿に盛りつけられ、
カウンター前、大鉄板の端に提供されます。
重厚なお皿は、鉄板から適度に
熱を吸い上げ続けてくれるので、
焼き具合はそれほど進行しないまま、
いつまでも出来立てアッツアツな状態でいただけます。
いや～、大鉄板いいですねぇと、
ウキウキしながらお料理を摘まみます。

“ホルモン焼き”はちょっと辛め。
辛いのだけど、ホルモンが大ぶりかつ、
弾力性豊かな噛み応えなので、
楽しく咀嚼を繰り返しているうちに、
だんだんいい塩梅になって来てゴックンです。
この繰り返しがクセになりますね。

“明太チーズオムレツ”は、
明太子味がしっかり効いています。
卵がふんわりしている中で、
チーズが芯のような存在感を表し、
全体で丁度いい歯ごたえになっています。
明太子、チーズ、卵・・・期待通りの味で、
これも箸が止まりません。

メインの“うさぎ焼き”は、
後乗せ山盛りのネギの迫力が凄い！
調理開始時どっかり鉄板に乗せられた野菜が、
スタッフさんのコテが舞うごとに、
そこそこの大きさに濃縮していき、
最後、麺も加わってきれいにまとめられ、
香しい濃厚ソースがタップリ塗られた～と
うっとりしていたら、
そこからバッサバッサと、
角がまだ立っている新鮮そうな青ネギが、
一かき、二かきとその上に被せられ、
次々零れ落ちて、全体の形状が
ピラミッド型になっていきます。
うわ～っ、楽しくて声が出ます。

目の前に運ばれた時点で、
ビジュアル的に相当やられてしまいましたが、
お味の方も・・・。
イカでしょうか？
独特の歯ごたえと風味が、根底に流れています。
お好み焼における豚肉ほど素直な感じじゃなくて、
ちょっと癖があるように感じられて、
とってもいいです。

濃厚ソースとは書きましたが、
お好み焼きジャンルとしては軽めのソースで、
素材を覆い隠してしまわず、
それぞれの風味を活かしてくれています。
同時に“粉とソース”で重くなりがちなところを、
たっぷり青ネギが刺激を加えて
口中がモタついた感じにならないので、
素材のハーモニーを堪能しながら、
あれよあれよと食べ進んで、
あっという間に完食となってしまいました。
まったく飽きることも、くどく感じることもなく、
美味しいです。

最近は、調理を魅せるオープンキッチンが
料理のジャンル問わず、だいぶ主流となりましたが、
日本ではこのお好み焼きが
その元祖とも言えますかね。
味わいに楽しみに、また来たくなりました。",
41,"外苑前駅から徒歩3分の好立地。料理よし、お酒よし、立地よしの三拍子がそろったお店。
カウンターでも食べられますが、個室も多数あって様々な用途に適しています。しばらく前に行ったお店で口コミを書いていなかったので時間差更新です。

唯一の欠点というと、お店の入り口が分かりづらいビルの表からではなく横の道に入って地下に降りる階段の先にお店があります。初めてお店に行く人はおそらく迷うと思います。

でも、一度お店に入ってしまえばオシャレな内装で迷ったことなど忘れてしまいますが、初めて訪問したのは5年前、それから3年ぶりくらいに訪問したのですっかり入り方を忘れていました(笑)


席について最初のオーダーはプレミアムモルツ。これがあると安心します。ボクの良いお見せの基準である、プレモル(またはエビス)・生搾りのサワー・山崎ハイボールの3つがしっかりとあります。これを満たしているお店は外れたことがほとんどないです。
くらげと胡瓜の胡麻酢和え・・・さっぱりしていてコリコリしたくらげと胡瓜の食感、胡麻酢がすごくマッチしていて美味でした。

天然お造里 盛り合わせ・・・ちょっとずつたくさんの種類の刺身がいただけます。どれも新鮮で美味しい。この適度な量って意外に珍しいです。

蒸したてお野菜 白味噌チーズ&ヒマラヤ岩塩・・・蒸し野菜がたっぷりといただけます。蒸す調理法って奥が深い。ブロッコリーの実験ですが、茹でる、電子レンジで加熱する、蒸す、炒める、茹でて炒めるという5つの調理法で、蒸したブロッコリーが一番栄養価が高かったという結果がでているものもあります。油を使わずヘルシーだし、栄養価が高ければ申し分ないですよね。

大山地鶏の唐揚げ・・・A級グルメ大好きなボクですが、唐揚げも大好き(笑)　銘柄鶏の「大山どり」ではなく「大山地鶏」。やはり地鶏は美味しいですね。地鶏の唐揚げにプレモル・・・幸せです。

出汁巻き玉子・・・黄色い色素は薄め、やわらかで口の中で出汁が溢れる美味しい玉子でした。

津久井うどん 刻み上げ温うどん・・・しめはうどん。細い素麺のような麺で食べやすい。量もちょうど良い。適度、です。


全体を通して、立地は青山通り沿いで外苑前駅から徒歩3分、店内はオシャレで料理も高くなく、そして美味しい。お酒も外さないし、席数も60と十分あるので混雑時間でなければ入れます。すべてが”適度”に調整されている、赤と青の中間、そんな適度なお店です。

過去に2度行っていますがとても良いお店だと思います。

サラリーマン・OLのお客さんが多いからか、閉店が23：30というのはボクにとっては早すぎるのでそこだけが唯一の不満点です(笑)",
42,"2021年4月3日（土）昼食。相方と。
秩父宮ラグビー観戦前青山ランチ。14時キックオフのトップリーグ6節目の1試合を観に秩父宮へ。12時過ぎに外苑前に着いて、最初に行った店は今日はランチは営業していないみたいで、すぐ近くのこの店へ。246（青山通り）からちょっと入ったところの地下にある。
入口を入ったところで料理を選んでプラスティックの色付きの札を取って、従業員に渡す。アコウ鯛粕漬、銀鮭の塩麴焼き、黒むつ照り焼き、とろ鯖の塩焼きの中から、「大人気商品3年ぶりに復活」と書かれた黒むつ照り焼きと、「当店人気ナンバーワン」と書かれたとろ鯖の塩焼きにした。定食はどれも1300円という表示があった。
8人くらいが座れる大テーブルの部屋に案内される。テーブルの端には女性の2人客がいて、僕たちはもう一方の端へ。店に入った時にはトムの「ルイーザ」がピアノ・トリオで流れていた。以後ずっと同じトリオのほかの曲の演奏が流れていた。
やがて出てきた2種類の焼き魚の定食。黒むつ照り焼きは、あれ、何だかおいしくない。とろ鯖の塩焼きは、まあ、良く言って普通。素材の問題なのか焼き方の問題なのかわからないが。1300円でも安くないと思うが、青山辺りでおいしい焼き魚を食べるためにはもうちょっと財布の紐を緩めないといけないのかな。勉強になった。
午後、良く晴れた暖かい春の日のラグビー観戦は最高だった。",
43,"お疲れ様です！ アダログです。
［Instagram：ada_log］
https://www.instagram.com/ada_log/?hl=ja

お昼ごはん

■アジフライとメンチカツ定食¥1200

外苑前にある大箱居酒屋『和食とお酒 きいろ 青山店』。
青山通りと外苑西通りの交差点にあるみずほ銀行隣の、
セブンイレブンのあるビル地下一階にある。
きいろだけに、黄色の看板が目印。
入り口は、セブンイレブンの脇の細道に、
お店へ降りる階段があるので注意。
店内は、先述したとおり、
かなり大箱なので、団体で利用しても入りやすいだろう。

お昼は、焼き魚を中心としたメニューが並ぶ。
中でも人気なのが、今回オーダーした、
「メンチカツとアジフライ定食」だ。

10分程で到着。
メインのアジフライとメンチカツの他に、
すべての定食に刺身と小鉢が付くのも嬉しい。
この日は、刺身はカツオのたたき、小鉢は卵焼きであった。
ごはんは大盛りで注文。
ちなみに、ごはんは大盛りでもおかわりしても無料だ。
味噌汁もおかわり可能。

外側はサクッと、中はしっかりふわっとしたアジフライと、
ジューシーなメンチカツ。
どちらもちゃんと美味しく、おかずとしては申し分なし。
特に、メンチカツは、お店イチオシだけあって、旨い。
気取らず、ソースをどばっとかけて食べるのがいい。
付け合せのキャベツ&水菜のサラダには、胡麻ドレッシングがかかる。
シャキシャキ感も残り、箸休めに◎。
カツオのたたきも、カットの厚い切り身が3つもあり、食べごたえもある。

外苑前のランチ事情は詳しくないが、
大箱で定食のクオリティもちゃんとしいて、
使い勝手のよさは間違いないだろう。",
44,"急遽週末に家族で晩御飯食べに行くことになり、電話してみると3名席空いてますとの事

いつも満席でほぼ空いてないのにラッキー！

名物のクロクロセットから始まり

レバーパテや黒手羽先などなど頂きました！

やはり鳥のタタキは美味いね〜

ネギまみれなのも最高！

レバーパテもいつも頼む一品ですが

これまた美味い！

今回は締めに炊き餃子食べてからラーメン！

3人で2玉ほどで締めました！

お酒も鹿児島の芋焼酎を4杯ほど頂き大満足！

また来たいと思います！

ご馳走様でした！",
45,"野球観戦後に訪問 。
「混んでる」ということで、四人がけのテーブルを5人で使用することに 。 しかし椅子は持ってきてくれず 。 近くのテーブルから借りました。 まあこういうサービスは求めてはいけないのかもしれませんが… 狭いところに詰め込んでる雰囲気なので とにかくうるさく、話し声が聞こえませんでした。
看板の鳥料理をはじめ料理は、どれも美味しかったので惜しいですね。",
46,"お腹いっぱいで食べ物はお通しの野菜しか食べてませんｗ
でも塚田農場のお通しの野菜好きです
味噌がまたいいんですよね


後輩の結婚式2次会も終わり、サークルメンバーでの3次会です

しかし表参道みたいな場所に塚田農場あるとは思わなかったｗ
土曜だからなのか、それとも気軽な居酒屋があまりないからなのか結構な盛況ぶりでした

極みレモンサワーという最近よく見る凍ったレモンのサワー
本家本元には及びませんが、これいいですよねホント

後輩同士の結婚式だったからか、20名以上3次会に来た中で上から2番目というアラサー（まだ誕生日1日前で29歳だったこの日）でした",
47,"女子７人で利用～★

周りは、カップルやコンパ利用が多かったですよ～

集まったのは２１時

遅めの食事＆ドリンクは多め

今回、色んなカクテルや、焼酎ｗ　飲んだけど、Ｍ★はキティがお好き♪

食事も注文してから出てくるのが少し遅いし、忙しいからか、注文した商品が出てこなかった・・・

そんな事もあったけど、意外と食事も美味しかったよ♪

★ズワイガニのグラタンピザ
グラタン濃厚～チーズたっぷり～あつあつピザ

★シラスと大葉のピザ
さっぱりピザ　シラス大葉チーズたっぷり

★鯛とキャベツのパスタ
意外と量が大めの印象～鯛もゴロゴロ入っていたよ～

★生ハムとチーズのサラダ
バルサミコ酢のドレッシングが◎

★生タコのカルパッチョ
カルパッチョ大好き～

他にも、いろんな料理やドリンクが来たけど、おしゃべりが楽しくて撮るの忘れちゃいましたぁｗ

サプライズで前祝いでＭ★のお誕生日ケーキも用意してくれましたぁ～★♪

ケーキもお店で用意してくれていたんだけど、イチゴたっぷりで美味しかった

しかも、みんなから、プレゼントも頂いちゃいましたぁ～★♪

１０年以上の友人達なので、Ｍ★の好みもよくご存知ｗ


ありがとうございましたぁ★

ウレシス★♪",
48,お店の前を何度か通ったことがあり、一度は利用したいと思っていました。３人で飲み放題メニューを頼みました。とても美味しく、ソファー席ということもあり、ゆったりした空間でお料理とお酒を楽しみました。また機会があれば伺いたいと思います。,
49,"テラスのバーベキューランチで仲間と利用させていただきました（╹◡╹）表参道にいるとは思えないような気持ち良さ。
仲間と過ごすゆっったりとした時間、週末の貴重な時間には最高のレストランですね。

飲み放題でも生ビールデス。他の飲み物も充実しています。
あまりに楽しい時間に2時半はあまりに短すぎました。
延長プランはないようですが、4時間のコースがあるみたいです。今度そちらでお邪魔します",
50,"夏真っ盛りのとある日。
「暑気払いでもしよう」という上司のお言葉に従い、後輩ちゃんが
見つけてきたのがこちら。
「安くて」　　「3時間飲み放題希望」　「中華料理がいい！」という
部員のわがままを奇跡的に叶えるお店ということで、銀座から遥々
外苑前までやってまいりました。


①お店の外観、雰囲気、インテリアなど
外苑前と青山一丁目のちょうど中間地点。どちらの駅からもそこそこ
歩きますね。地下にあるお店ですが、地上入り口付近に赤い立て看板が
出されているので、迷うことはないかと思います。
店内は、テーブル席と円卓がありますが、席間隔が狭いので、少々
窮屈な感じがします。床は、清掃が行き届いていないのか、油で
ツルツル滑るので、酔っ払い＆ヒール靴の方は、要注意です！


②お料理について
驚異の宴会コース！お料理は全60種類の料理から8種を選びまして、
それに、3時間飲み放題（紹興酒は、未開封のボトルで提供される）が
プラスされて、1名3500円です。
人数によって、お料理のボリュームは増減しますので安心して下さいとのこと。
私たちのグループは、“ピータン豆腐”“焼き餃子”“麻婆豆腐”“回鍋肉”
“小龍包”“酢豚”“海老のマヨネーズソース”“炒飯”をセレクト。
うーむ、街の中華屋さんの王道メニューのようです（笑）
どれも、それなりにきちんと作られているし、手作り感溢れたお料理で、
ボリュームもたっぷり。皆でワイワイ宴会コースなら十分満足できます。
でも、残念ながら「これは！」と特筆できるような一品はなかったです。


③スタッフの接客について
ホールは、男性1名と女性1名で切り盛りされていました。
ご両人とも大陸の方でしたが、日本語も理解してくれていましたし、
不愉快な気分になることはありませんでした。
ただし、忙しくなると、顔や態度が険しくなるのがちょっと気になったのと
もう少しドリンクの提供スピードが早ければ、より良かったですけれど。


④CPについて
中途半端な立地とはいえ、青山エリアですしね、3500円でこの内容の
宴会コース（料理・飲み物）であれば、CPは良いと思います。
ただ、個人的にリピートするか？と問われれば、たぶんないのですが・・・（汗）


⑤その他、気付いたことなど
飲み放題メニューの中に「生ビール」があったのですが、このビールが
何とも不思議なお味でした・・・。
飲み放題ドリンクメニューでは、紹興酒ボトルが料金的にもお得ですし、
未開栓で供されますから、安心かなぁと思います。",
51,"外苑前駅と、青山一丁目駅のちょうど間くらい。
ランチでがっつり食らいたい時に、
お財布にもありがたい中華ランチスポットです。

ランチの定食は20弱ですね。
白米＆主菜という組み合わせの他、
チャーハンや麺類のセットなども。

なお、今回いただいた定食の、主菜はボリューミー。
ライスはおかわり自由なようなので、
食べ盛り・育ち盛りの皆さんには、
かなりありがたしな仕様だと感じた次第です。

ちなみに、店内はテーブル席オンリー（たぶん）。
丸テーブルなんかもあり、
庶民のための中華食堂といった雰囲気でした。


━━《had》━━
◆ランチ定食│豚肉と玉子、キクラゲ炒め@900円
全６点セットでした。
主菜、揚げ春巻き、ライス、スープ、デザート。
そして、ホットコーヒー。

・豚肉と玉子、キクラゲ炒め
どうぞ食べてください！と言わんばかりに、
オイリーな豚バラ肉がたっぷり。
そこにキリッとピリ辛な味付けに加えて、
キクラゲが食感にアクセントをつけてくれます。
ホワホワな玉子もしかり。

その他、シメジや筍、人参、青菜……
いろんな味をいただけ、
栄養バランス的にもありがたしです。


・お米
パサつきはあまり感じられず。
逆にやや柔いかもしれずですが、
このお値段と量なら、嬉しい仕上がりです。


・揚げ春巻き
揚げたてでの提供。
アツアツで、パリッと皮が弾けます。


━━《situation＋》━━
・ソロでランチ
・平日13:44頃に訪問
・待ち時間ゼロで、4名用テーブル席へ",
52,"友人とヘルシーな火鍋を食べたいね、と探していたらこちらのお店で火鍋をやっているようで火鍋コースで予約して行きました。

外苑前駅から246赤坂方面へ。
お店は地下にあります。

円卓があって大人数利用にも良さそう。私たちは２名でしたが、６名がけの席があいていたので、ゆったりと利用できました。

飲み放題コース、生ビールも入ってます。

★チキンとトマトサラダ
ごろっとした角切りチキンにトマト、レタス、イタリアンぽいドレッシングでサッパリとして美味しい。

★エビチリ
卵と海老のエビチリ風？海老大きくて美味しい。

★餃子四個
大きめの餃子は皮がモチモチして厚め。具もたっぷり入っています。

★火鍋
メインの火鍋を持ってきて下さいました。ガスコンロに大きな二色の火鍋をのせてテーブルでグツグツ煮込みます。
唐辛子やらニンニクなどがたっぷり入っています。

野菜は白菜、木耳、にんじん、ぶなしめじ
豆腐、春雨
牡蠣、海老、イカ、肉団子
ラム肉

調味料はなくそのままで頂きます。
スープを飲みます。赤はザ火鍋って感じの味で結構辛めです。白は豚骨ぽいパイタンで、よくある透明な漢方強めのスープとは違い、赤の火鍋に負けない濃厚なスープです。
どちらも美味しい！

久しぶりの魚介火鍋でしたが、牡蠣や海老プリプリで美味しい！あっという間に具はなくなりました。
締めの麺が出てきました。どちらのスープも麺との相性よし！
ここの火鍋予想以上に美味しかったです。

最後に杏仁豆腐が出てきました。

お会計2人で7700円でした。二色の火鍋が出てきて、飲み放題がついて安い！と思いました。単品で具材の追加も出来たらなお良いかも。外苑前、表参道には火鍋屋さんはあまり無いので、これから寒くなってきたら、また行こうと思います。",
53,"そんななか
マンボウ中の平日の夜
飲食店のアルコールLOが19時までなので
即即で行かれる近場ってことで
１８時２５分にこちらに２名

竹下通りに面したビルの地下１階で
わりと急な階段を下りていくと
新しくてきれいな店内
前客５名ぐらい

一番奥のテーブル席に通していただき着席
各席の背もたれが頭が隠れる高さで広いので
密ではなくていい

BGMは大きめの音でちょい古めのJPOP
夏川りみとか平井堅
平井堅はおじいさんの古時計だ
わりと大音量なので聞いていたら
原曲ではおじいさんの生まれた朝に買ってきた置き時計は
おじいさんとともに９０年動いていたはずだが
日本語の歌だと１００年動いてたことになってるぞｗ
さすが長寿国Nipponだ
ただしこの歌は大英帝国はジョージホテルの置時計と
経営者だったジェンキンス兄弟の実話なので(注１）
感動の実話を盛ってしまうのはどうかと思うｗ
https://www.youtube.com/watch?v=ZgsHF40dXno

あとテレビのジョンが３機あって１９時からは巨人対阪神の伝統の一戦

生ビールが２９９円外で
瓶ビールが３７８円外って書いてあるので
瓶は小瓶だろうと思ったらなんと中瓶とのこと
生もスリムジョッキではないみたいだが泡が苦手なので瓶ビール
１本頼んだら２本来ちゃったけどいただくｗ黒ラベル

ベジなんちゃらで
ジャガパリサラダ３９０円外……量が多いのがうれしい
からの串
ネギマ６０円外……値段がおいしい
モモ６０円外………それなりにおいしい
つくね９０円外……軟骨入りがいい
明太マヨつくね１２０円外……明太マヨが載ってる

そしたら
ホッピー白黒あり３６０円外
ナカの量は写真の通りまあまあで味はポンコツめな焼酎の味
ジョッキはひえひえで氷もおいしい氷
数十円増しでナカはキンミヤにもできる
ふつうのナカおかわりは１８０円外

塩辛じゃがマヨ焼き５９０円外……正解味

そしたらLOが来たので
スパカツチーズ……釧路名物スパカツに似てるが
スパゲチーは引っ張ると簡単にちぎれる柔さで
ミートソースはトマトソースみたいな味で
上に載ってるのはとんかつぢゃなくチキンカツで
ここまでいいところがないが
マイナスを全部打ち消してしまうのが
大量にかかった炙りチーズｗ
結果チーズのおかげで悪くないが
釧路のスパカツはもう少しおいしいから一緒にしないこと

そしたらマンボウ中なのであわただしく撤収
ごちそうさまでした

※地下で階段のみなので車いす不可
※カウンター席の間隔はふつうで可動椅子なので左利き可
※遅い時間でなければ子供も可のイキフン

注１……大きな古時計についてhttp://www.worldfolksong.com/gfc/index.html",
54,"原宿竹下通り沿いに出来た、ちょい呑み食堂まさやニ号店で一杯。
こちらは以前お邪魔した原宿　教会通りにあるまさや食堂の二号店です。
まさや食堂には昨年７月に訪問して、なかなかの好印象でした。

２号店は20年の年末１２／２９にオープンしました。
オープン記念で生ビールなどのアルコールや料理が半額中というので、行ってみた。
オフィスから遠いと1時間も呑めないからね。
こちらは食事から、居酒屋利用もできる便利なお店。また、原宿にしては大衆的な価格が良い。

竹下通りの真ん中くらいにあります。
明治神宮前駅からは3番出口を出て、ジャニーズショップを横目で見て、4分で到着。

入口には半額告知のポスターが貼られていました。
サッポロ黒ラベル生ビールが通常価格2９８円⇒149円とあります。
また、デュアーズハイボールは通常価格290円⇒145円。　いずれも税抜価格です。
半額フェアは21年1月の期間限定でしたが、３／４まで実施のようです。

急いで、地下へ。

2席テーブルー5卓は一人呑みで満卓、呑みのプロっぽいおじさんもあります。
そして3席カウンター、4席テーブルなど。
残念ながら、ＪＫはおりません。Ｗ。

3席カウンターへ。
19時まで残り55分で、まずは
◎生ビール＠149（全て税抜）をお願いしました。
夜は席料＠１００発生します。（ちなみにまさや食堂は＠80です）

接客は8年前にＪＫを卒業した（想像）女性店員さんが、対応。

メニューは夜の居酒屋レギュラーメニューとその日のオススメメニュー
天ぷら、うなぎ、もつなべなどしっかりと食事がとれるメニューもあります。
ちなみにうなぎの白焼き＠390、もつ鍋＠540は半額セール中です。

また、天丼はただいま、フェアで激安価格。＠200～500　ＯＦＦです。
そしてアタマだけ頼めますよ。

では。
◎並天丼のアタマ＠480と
◎冷やしトマト＠290をお願いしました。

良くジョキも冷えており、キンキンに冷えてやがるぜ～！ってやつです。グビグビとイケマス。
早速お替りビールを。生ビール＠149

並天丼のアタマは、海老、きす、いか、ししとう、さつまいも、まいたけ。
単品で頼めば＠８６０相当⇒が＠480と安い。

天つゆも付いてきます。また、テーブルには天丼のタレもあります。
私は冷やしトマトの塩と天つゆで頂きました。

海老は多少プルプリ感に欠けますが、衣はカラッと揚がっており、
お酒のアテには良いね。特にまいたけ天が美味しい。

冷やしトマトは櫛切りに８個。マヨネーズと塩で。
これまた良く冷えていますね～。

本当は、この後、近くの「熊だ」で１０００べろしようと思ったけど、
居心地が良いので、そのままステイ。

続いてホッピー黒セット＠360を
焼酎は多めなんですね、嬉しい限りですね。

ひとり呑みの皆さんは半額の生ビールで押し通す人や、
焼酎のボトルをじっくり呑む酔客までさまざま。

ＢＧＭはＪＰＯＰなのですが、モニターはＴＶ（音声なし）とＴＶを観ながら呑めます。

中をお替り＠180を。
グラスは新たなキンキンに冷えたモノで出てきます。サイコーだね。

そして串焼きを頼むことに。
焼き鳥もも（たれ）60＋わさびおろしつくね＠120を

18：50になったのでバイスセット＠350を急いでお願いしました。

わさびおろしつくねから、噛むたびに油がじわじわとするつくね。
わさびは余り辛くはないが、おろしと一緒に食べるとさっぱりとイケマス。
ももは、たれがやや甘めだが、まずまず。

最初のバイスを呑み干して、中＠180をお替り

またまたグラスが冷えていてゴクゴクとイケマシタ。

竹下通りで１時間１本勝負でした。

＠2600強（税込）でした。

原宿ＪＫの観光地、竹下通りで、気軽に呑めるお店でした。

ランチタイムは昼呑みもでき、定食類は200円引きでおかずを単品注文もできるそうです。",
55,12時過ぎくらいに訪問　客は7割くらいでした。3割くらいは昼酒していますw もりそばが大盛りで500円しなかったのでそちらと、カレーに唐揚げをトッピングして、納豆と生卵を注文しました。全部で1000円を少し超えてしまったが場所から考えると安いと思います。味は普通なので高く望まなければ満足できるかと思います。お蕎麦は冷たいものより温かいものがオススメかもしれませんね。後灰皿があったのでタバコが吸えるのかもしれません,
56,"100種類以上の中華料理が食べ放題で¥3000以内という破格のコース♡ 明治神宮駅から徒歩3分かからないところにあるお店です! 日本人だけでなく、中国や韓国のお客さんも多く、広い店内は賑わっていました! 今回は、¥2980の食べ放題コースにドリンク飲み放題を追加しました!
⁡
お料理はオーダー形式ですが、メニューが100種類以上あるため、逐一注文するのではなく、各テーブルに置いてあるメモ用紙と鉛筆でメニュー番号を記載して店員さんへ渡します! 以下は今回私が注文したメニューです(100種類以上あるから悩みました…)
⁡
・北京ダック
・海老のピリ辛炒め
・本店特製鴨スープ
・蟹肉入りフカヒレスープ
・海鮮サラダ
・蟹肉と卵炒め
・イカと大葉塩炒め
・広東風黒チャーハン
・海老入り蒸し餃子
・小籠包
・ごま団子
・マンゴープリン
⁡
た、頼みすぎました…笑 でもどれも美味しかったので全て完食です!! 特に印象に残っているのは…海老入り蒸し餃子です! プリプリモチモチ食感で無限に食べれてしまいそう! 小籠包も熱々なので食べるときは火傷に注意です!!
⁡
また、こちらに来店されていたお客さんのほとんどが北京ダックを注文されていました! このお店の名物なんだと思われます! 1人6枚の北京ダックを私も注文すると、シェフらしき方がテーブルの前で北京ダックをカットしたくださります! かなり豪快に、かつ手際良く、見ていてとても楽しいです♡ 北京ダックは、皮だけでなく味もしっかり付いているタイプでこちらは初挑戦でした! いつも身がほとんどなく、皮だけの北京ダックをいただくことが多いので… タレはトロッと甘めでコクのある味噌ダレ、自分でネギときゅうりと一緒にくるっと巻いていただきますが、身のついた北京ダックはボリュームもあって、これはこれで良いかもしれません!!
⁡
また、最後の方に注文した海老のピリ辛炒めも個人的には大ヒット!! スパイスがたっぷり使われていて、辛い中にもしっかり旨みがあります! 美味しくて無心でかぶりつきました〜〜 海老、イカ、貝類含む魚介類が大好きなのでメインとなるお料理をたくさん注文することができて大満足です! 自分の食べたいものを食べたいだけ食べれるって幸せですね!

#北京ダック専門店北京カォヤーテン @原宿
◾️種類　　　中華
◾️値段　　　¥2000-¥3000
◾️定休日　　なし
◾️食べログ　3.27

⁡",
57,"¥850 ワンタン麺+半炒飯


表参道、原宿の東急プラザがある大きな交差点、
角のビル3Fにあります。エレベーター開いたら店内！


北京ダックorコーヒーorお茶が付くという。
そしたら迷わず北京ダックでしょ！


注文が全部揃ってからあれお水がない…
聞くとセルフらしい。先の説明があるといいな。


○北京ダック
注文から2秒で出てきました。
お皿に分けてスタンバイ済みなんだね。

お肉3切れ、きゅうり、白ネギ。
かさかさに干上がったカオヤーピン(皮)に
乗せてタレをかけて巻いて完成！うまうま！

生の白ネギは苦手なので半分をワンタン麺に…。


◎半炒飯
注文から1分で出てきた。作り置きだ。
本店で食べた炒飯のあの味だ！
しっとり系でほぐれるけれどパラパラ過ぎない、
お箸でもふんわり持ち上げられる水分感。

このしっとりチャーハンって口の中に
馴染むから好きなのよね〜。


・ワンタン麺
注文から3分くらいで出ます。
早い早い。怒涛のたたみかけ笑

透き通るスープ、かなり脂っぽいけれど
そのせいかスープのお味はすごく薄い。
初めてです、ラーメンに胡椒、ラー油ではなく
お醤油を回しかけたの。

長方形のワンタンが４つ。
肉臭さが残るけれど食べ応えというべきか。


北京ダックも食べられるし、ボリュームもある。
お味が自分にドンピシャなメニューに
出会いたいのでまた来ます。
白ごはんと合うおかずのセットを頼もう。
刀削麺も気になるし…どれにするか悩ましい。


横浜中華街のさながらの広々店内！
異なるのは円卓ではなくファミレス様テーブルなこと、
白木材基調の明るい店内であることかな。

本店は外観が豪華絢爛で中に入ると
赤が目に痛い。そしで独特の哀愁ある空気感。

原宿店は清潔感に溢れており眩しい！


衝撃の瞬間を見てしまった。
キッチン内で喫煙するシェフ。


LINEpay . paypay . 現金のみとのこと。
交通系電子マネー、カードは使えなかった。

ご馳走さまでした。

2月　平日木曜　12:15-13:00",
58,"いつも北京烤鴨店をご利用いただき誠にありがとうございますz新型コロナウイルスにつきまして様々なニュースで取り上げられており、当店でも食材の産地についてお問合せをいただいております…北京烤鴨店で使用しております鴨は、すべてカナダより輸入しています…その他の食材につきましても安全性を優先させて厳選しておりますのでどうかご安心頂ければと思います…今後とも変わらぬご愛顧を賜りますようお願い申し上げます…横浜中華街で唯一の北京ダック専用の薪窯を使用！香ばしい薪の香りを纏ったパリッパリの鴨皮と直火で焼き上げるジューシーな鴨肉をご堪能下さい…中国で有名な“北京全聚徳（ぜんしゅとく）”で修行した一流の職人が焼き上げた北京ダックを、お客様の目の前で切ってご提供！10名様から利用可能な個室席や円卓テーブルなど、デートやご家族・ご友人とのお食事にぴったりなお席をご用意…

【住所】東京都渋谷区神宮前6-4-1 原宿八角館3階
【到着日】 土耀日
【並んで人数】0
【待ち時間】0分

【注文したのは下記になります】

✪北京烤鸭　北京ダック　1/4 2980円(税込)
✪极品毛血旺　血豆腐とモツ激辛煮込み　1380円(税込)
✪本店特製鴨湯　380円(税込)
✪五目野菜入り春巻き300円(税込)
✪小龍蝦　ザリガニ炒め　1980円(税込)",
59,"古くからの食べログ仲間のT氏によると、青山一丁目駅に直結している青山ビルヂングをリニューアルして新しくなった飲食街青山一番街に、京都の「草喰なかひがし」のご主人のご子息が料理をプロデュースしているカジュアルな割烹居酒屋があるというので行ってみました。
。
通路に面して大きな藍染めの暖簾に「否否三杯」と染め抜かれているがなんと読むのか分かりません。
あとで聞いたら「いやいやさんばい」と読むのだそうで、その意味するところが今回のタイトルになっています。
当日予約で行ってみましたが、コロナのせいか先客は無くて口開けの客になったので「テーブル席でもカウンターでも、お好きなところにどうそと。」とのこと。
そういわれたら厨房の真ん前のカウンター席が特等席です。

まずはビールから。お通しは蒟蒻のピリ辛煮。どってことない煮物ですが、隠し包丁の入れ方、一切れのサイズが丁度良いから、歯応えがあって意外に旨い。
「お通しが美味しい店にハズレ無し」の経験則から安心して料理を注文します。
黒板メニューには早春の旬の素材を使った魅力的なメニューが並んでいます。
「うるいと白菜（しろな）の白和え」。うるいは大葉ギボウシの新芽に光を当てないで白いまま成長させた早春の味。
白菜（しろな）は、結球しない白菜の種類で関西ではポピュラーな食材とのことです。
どちらもシャキシャキとした歯応えがありますが、微妙に食感に差があるので面白い。
刺身は旬いか盛り合わせを選択。ヤリイカの刺身と、さっと湯通しした蛍烏賊。コリコリとしたヤリイカとプリッとした蛍烏賊の食べ比べが面白い。
焼物は「たけのこの炭火焼き」を注文。皮つきの新筍を縦半分に割って、アルミホイルで包んで炭火の中に突っ込んでじっくりと火を通していました。
ホイルを外して表面にさっと醤油ダレを刷毛で塗ったら、更に縦に包丁を入れて食べやすくして塩を散らした皿の上に載せて木の芽を飾って出来上がり。
初物の新筍は柔らかくて、アクもほとんど感じないけど春の香りはしっかりあります。
筍はこの食べ方が一番美味しいと思います。
日本酒は手取川の春という濁り酒を合わせます。

揚げ物は穴子の唐揚げを注文。天ぷらとは違い皮目がカリッと揚っているので摘みにはこっちの方が好きかも。
ここらで燗酒をとお願いしたら東鶴の燗酒用というのを出してくれました。

鍋物は、桜鯛とワカメのしゃぶしゃぶにします。
薄く引いた真鯛の刺身を沸騰した出汁にさっと潜らせてポン酢でいただくと、さっぱりしながらも旬の真鯛の旨味を味わえる。
生わかめも出汁に入れた瞬間に鮮やかな緑色になり、すぐに口にするとシャキシャキとした歯応えがあって美味しい。
身体が温まってきたので「あべ」の冷酒に切り替えて完食すると、板前さんから「雑炊を作りましょうか？」と声をかけられたので、一人前だけお願いすると鍋を下げて厨房で作って持ってきてくれました。

出汁に鯛とワカメの旨味が出ているので美味しい。

一見こわもて風に見えた板前さんの丁寧な包丁捌きもご馳走でした。",
60,"食べログ★3.33

【否否三杯】
さんにお伺いさせて頂きました、

場所は、青山一丁目の交差点のビルになります。
地下1階の飲食店街の中です
外観は、紺色の暖簾が目印しになります。
内装は、カウンター席、テーブル席と分かれております。

隣りのビルの歯医者に定期訪問（治療中）ですので、定期的にこの界隈に
立ち寄らせていただいております。

ちょうどランチタイムでしたので地下飲食店街の中を探索、
中華、ハンバーガー、お好み焼き‥と揃います
その中でも和定食をいただけるお店がこちらになります。

お刺身、焼き魚があるこちらの定食をいただきました。

♦️お魚定食
・お刺身、焼き魚、
・お新香、胡麻和え
・ご飯、味噌汁

追加
▶︎茄子の揚げ浸し
▶︎鯵フライ

安心安定の予定調和の味わいです
品数が多く、少量多皿で更に追加しましたので、
多くの品を味わえました、

ランチで数を捌かないといけないのだからかと思われます
可もなく、不可もなく、
ランチにはちょうど良いですね

ではまた",
61,"お疲れ様です！ アダログです。
［Instagram：ada_log］
https://www.instagram.com/ada_log/?hl=ja

お昼ごはん

■否否おさかな定食¥1600（税込）

青山ビルヂングの地下一階にある飲食店フロアにある
和食店『否否三杯（いやいやさんばい）』。
キャッチーなネーミングが印象的だ。

平日の12:30頃に訪問。
ランチタイムは定食メニューが充実しているのが嬉しい。
おばんざい三種類がのる「選べるおばんざい三種定食」¥1200、
「アジフライ&ハムカツ定食」¥1400、「否否おさかな定食」¥1600の他、
海鮮丼定食やうな玉丼定食がある。
今回は、焼き魚と刺し身が付く「否否おさかな定食」を頼んだ。

10分ほどで到着。
本日の焼き魚はさばのみりん干し、
刺し身はまぐろ・しまあじ・鯛の三種類だ。
さらに、しらすおろし、たっぷり豆のひじき、
おばんざいの小鉢も付く。
さばのみりん干しには、だし巻き卵も。
味噌汁には、ゴロゴロとたっぷりの野菜が入り、
おかずとしての機能も兼ね備えている。
とにかくおかずがたっぷりだ。

焼き魚は普通に美味しい。
が、切り身は少し小さめ。
刺し身の鮮度は、居酒屋レベル。
乾いた感じが気になるが、カット数も多いし、このへんは許容範囲。
ごはんのおかわり無料も嬉しい。

が、これらの点や店の雰囲気などを踏まえても、¥1600は割高。
テナント代がかなり上乗せされているか。
せめて¥1200なら適正な気もする。
テナントに入るお店の宿命をまじまじと感じる定食であった。

青山一丁目で、テナント代を気にせず、
ちゃんとした定食を食べたくなったらどうぞ。",
62,"原宿駅からすぐの地下にある沖縄料理屋さんへ。
コロナ対策として、席は離れて座るようでしたが、空いていました。
営業時間はお昼から19時半まで、テイクアウトメニューも多かったです。

カウンターとテーブル席がありました。
サイコロのチンチロリンハイボールをやっていました。
ゾロ目が出たら無料、偶数350円、奇数だとメガで950円です。

★ポーク卵　600円
沖縄ではポーク卵はあまりない感じが、東京の方が多いかも。
サラダもついていてヘルシーで美味しい

★島豆腐の冷奴　520円
島豆腐って硬めな食感が好きです。
さっぱりしたものはおつまみにいいですね

★ミミガー520円
コリコリして味付けはポン酢で食べやすい

★もやしチャンプル？
もやし、卵、ポーク、にらたっぷりのボリュームある野菜炒め。
優しい味で美味しかった。

★ソーキソバ850円
厚切り大きめの角煮が入っていました。
ほろほろと骨まで柔らか。
ソーキソバ久しぶりに食べたけど、美味しかった。
コーレグースをかけても美味しい。

お店は、原宿店他に渋谷店、三軒茶屋店にもあるみたいです。
沖縄料理は野菜",
63,"原宿駅前にある沖縄料理屋さん。
狭い階段を降りると、こちらのゆいま～る食堂さんがあります。
以前より存在は把握していたのですが、なかなか行けず、同僚と仕事終わりで行きました。

とりあえず生ビールで乾杯して、チンチロリンゲーム開始。
ぞろ目が出たらドリンク無料！で一発目はぞろ目が！
次から次へとチャレンジするが、なかなかぞろ目を出すのは難しいですね（笑）

料理は、ラフテー、ゴーヤチャンプル、メヒカリのから揚げ、海ブドウ、ラフテーのキャベツ炒めなどをいただきました。お通しには鯵の南蛮漬け。どれもお酒のつまみに良かったと思います。

たまに沖縄料理って食べたくなるので、そのタイミングでまた来るかな～。",
64,"再訪レポ。

明治神宮前（原宿）界隈は本当に夜にマトモに食事や飲みが出来ない呑み屋不毛エリア。

おしゃれなカフェ飯はいいとして、大人（おっさん）には本気で固定の店を回遊するしかないという難儀な地域だ。
特に刺身などは、原宿ではまず無理。

その中で、沖縄料理メインで、刺し盛りアリの貴重なお店。
もちろん、豆腐よう・グルテン・ワタガラスなど、酒好きには渋いつまみがあるのもありがたい。
で、残波は白も黒も500円也。

ランチは知らんが、夜に、本気で泡盛をちびちびやりたい時は貴重。

そして、総じて料理は美味い。",
65,"かしみんで送別会。テーブルだけの予約だったけれど、コースに飲み放題も注文することができた。

白菜のサラダ、しゃりしゃりした白菜が、とても小気味いい。
次に出てきたのは鶏ハム。キュッと締まった食感に、玉ねぎの爽やかさ。赤大根のシャッキリと、食感にメリハリがあった。

鶏の炭火焼き、これは大皿で提供、みんなで炭火の鶏肉に手を伸ばす。しっかりとした食感は鶏肉の旨味を染み出してくれるようであり、香ばしさが何よりもよかった。

おでんの出汁に卵、銘柄卵だったと思う。黄身の色と味が濃い。それをスープで流す。

炭が用意された。
ここにおでんが用意される。

ちくわ、はんぺん、さつま揚げ、鶏串と底の方に大根があった。この出汁がよくて、上質なスープだった。炭の緩やかな火で、ずっと鍋が温められていた。

半分サイズの親子丼、ご飯は、もうちょっと少なくても良いかもしれない。
親子丼にはスープとお新香も用意された。

飲み放題もつけて5000円でお釣りがある価格、まぁ小銭だけど。これだけの料理のバラエティがあり、飲み物も一通り選べる。便利に使えると思った。",
66,"結構なボリュームのランチがラインナップされている。
写真付きのメニューなんだけど、なんだか分かりづらい。そんな時に、A4に印刷された日替わりメニューがささってくる。これにしよう。

カツ煮定食。

キャベツの千切りドレッシング、ポテサラ、ミニトマト。ペンネのトマトソース和え。
鶏スープは大根と野菜天が入っていた。
それにメインのカツ煮とごはん。

味染みしたカツはチキンカツ。
同僚の皿を見ると割り下の量は個体差があるみたい。
三つ葉、玉ねぎ、キャベツ。案外と野菜がとれたのがよかった。",
67,"平日の12時40分ごろにこちらのお店を利用。

3人で訪れましたが、ランチタイムとあって混雑しており、5分ほど入店を待ってから入ることができました。

ランチ時は1000円前後の価格帯でお米やおでんが付いたランチセットを頼むことができます。

今回は少し涼しい日だったこともあって鳥おでん定食を注文。

注文から提供までは5分ほどでかつ料理は熱々と、作り置きでないながらある程度スピーディーさもある印象でした。

食べてみた感想としてはどこかインパクトに欠ける印象。

もちろんおでんなのでそこまで濃い味などは想定していないのですが、それでもおでんのだしに特段、鶏の香りがするわけでもなく、どこか惜しい印象。

唯一おでんが大根やちくわぶ、厚揚げとは別に卵だけ提供され、その卵は半熟で卵の味がはっきりと強調されたものになっていました。

ボリュームに関してもご飯の量が少ない他、お代わり自由といったオプションもなく、全体の満足感は薄め。

おでん以外のセットは鶏のからあげや鶏のカツといった風に鳥の味が活かされるようなものでもなく、全体的に量も質も物足りない印象を受けてしまいました。",
68,"青山一丁目駅に隣接する青山ビルヂング地下の飲食店街。
大幅にリニューアルされてから、一度も足を踏み入れたことがなかった。
1Fのスタバぐらいかな、利用したことがあるのは。
きれいになったのはいいが、ワタクシには縁のうすそうな店ばかり。
いわしやといううどん屋が入っているけどね。
高評価の店だけど、朝にソバ食べて昼はうどんって、さすがに無いなぁと。
よってずっと敬遠してて、そうこうするうちにコロナ禍に突入。

でも、昼休みに少し出遅れてしまい、次の予定もあったので、
どこかで済ますかと、この飲食店街を覗いてみる機会があった。
日比谷園は満席で入店待ち。アラ、担々麺にしようかと思ったのに。
というわけで、その向かいにあったおでん屋に入ってみます。
おでん出汁でラーメン？？と思ったが、物は試し。
次はいつ来るかわからんので、欲張ってカレーセットに単品唐揚げをプラス。
さて、どんなものが来るのか。

ラーメンは、一風変わったビジュアル。コラーゲンが溶け込んでそうな白濁スープ。
こういうの、鶏ポタ系とかいうんかしら。ポタ加減ってどう表現すればいいか…
親指と人差し指でつまんで伸ばすと糸引きそうになる、とまではいかないが、
口中で少しトロみを感じる、といえばいいか。鶏出汁なので、素直に美味しい。
これにパツパツしたストレートの細麺は、確かに合うね。
串に刺さったタレの焼鳥が面白い。味はまあ、見た目どおり。
他には鶏ハムと半熟玉子が入っており、鶏三昧。まさに、親子ラーメンだナ。
ミニカレーにも鶏出汁が入っているらしいが、カレーなのであまりよくわからず。
オプションとして頼んだ唐揚げがウマかった。1個かと思ったら2個だったのも〇。
カリッ、サクッとした食感がよいし、味もくどくなく丁度よい塩梅だと思う。

池袋西口にも1年半ほど前におでん屋が出来、結構繁盛していたようだったが、
あまり手が伸びないというか、興味が湧かなかった。
当店も時間的な理由で入ってみたが、正直あまり期待はしていなかった。
でも、あれ？結構イケるんじゃないの？というのがこのたびの感想。
鍋の後の〆的におでん出汁で作ったスープかなと勝手にイメージしてたけど、
それはまるで違っており、そういう意味で期待を裏切られます。
この飲食店街へは足が向かないのは変わらないが、サッパリしてくどくない
当店の鶏だし塩ラーメンはたまに食べてもいいかなという気がした。

当店、ランチは定食がメインだけど、このラーメン、意外とおすすめ。
脂好きのラーメンマニアには向かないかもしれないけど、
ワタシのようなイイ歳のオッサンには案外向いてるかなと思うネ。",
