,0,1,2,3,4,5,6,7,8,9,10,11,12,13,14,15,16,17,18,19,20,21,22,23,24,25,26,27,28,29,30,31,32,33,34,35,36,37,38,39,40,41,42,43,44,45,46,47,48,49,50,51,52,53,54,55,56,57,58,59,60,61,62,63,64,65,66,67,68,69,70,71,72,73,74,75,76,77,78,79,80,81,82,83,84,85,86,87,88,89,90,91,92,93,94,95,96,97,98,99,100,101,102,103,104,105,106,107,108,109,110,111,112,113,114,115,116,117,118,119,120,121,122,123,124,125,126,127,128,129,130,131,132,133,134,135,136,137,138,139,140,141,142,143,144,145,146,147,148,149,150,151,152,153,154,155,156,157,158,159,160,161,162,163,164,165,166,167,168,169,170,171,172,173,174,175,176,177,178,179,180,181,182,183,184
0,新宿,時間,オープン,店,仕事,帰り道,焼き鳥,提灯,明かり,店,発見,朝,何,腹,邪魔,事,メニュー,焼き鳥,一品,料理,ラインナップ,豊富,注文,日,丁度,冷奴,茄子,揚げ,オーダー,茄子,揚げ,好物,メニュー,必然的,提供,揚げ,茄子,揚げ,茄子,出汁,茄子,安心,焼き鳥,壁,店,焼き,串,ランキング,張り出し,参考,注文,事,皮,ジューシー,脂,感,レバー,臭み,舌触り,旨み,脂,一本,肉,肉,旨み,内容,タレ,卵黄,組み合わせ,抜群,明太,火入れ,明太子,個性,焼き鳥,ランキング,明太,レバー,店,部位,ハズレ,焼き,串,事,全て,個性,的,焼き,加減,ランキング,間違い,黒蜜きなこ,バニラアイス,デザート,,,,,,,,,,,,,,,,,,,,,,,,,,,,,,,,,,,,,,,,,,,,,,,,,,,,,,,,,,,,,,,,,,,,,,,,,,,,,,,,,,,,,,,,,,,
1,新宿駅,東口,信号,アルタ,方,歌舞伎町一番街,方,歌舞伎町一番街,左,右側,店,オープン,美,桜,鶏,育成,方法,飼料,鶏,健康,第一,オリジナル,ブランド,鶏,産地,山梨県,長野県,静岡県,富士山,系,南アルプス,連峰,大自然,恵み,ストレス,健やか,上記,品,他,手羽先,砂肝,メニュー,阿波尾鶏,ジューシー,旨み,鶏肉,好き,ポン酢,味,阿波尾鶏,徳島県,ブランド,鶏,阿波踊り,阿波尾鶏,料理,時間,注文,際,前半,オーダー,方,メニュー,レバ刺し,新鮮,クセ,レバー,好き,オススメ,数量限定,逸品,鶏ガラ,鶏ガラスープ,マッチ,麺,好き,逸品,麺料理,一種,麺,出汁,奈良県,発祥,郷土料理,デザート,黒蜜,アイス,黒蜜,アイス,絶妙,メニュー,トマト,アボカド,サラダ,トマト,アボカド,ドレッシング,マッチ,逸品,肉,サラダ,感じ,サラダ,オーダー,ドリンク,生ビール,ハイボール,何,杯,生ビール,ハイボール,飲み過ぎ,気,営業,時間,鶏,料理,好き,オススメ,店,,,,,,,,,,,,,,,,,,,,,,,,,,,,,,,,,,,,,,,,,,,,,,,,,,,,,,,,,,,,,,,,,
2,新宿,西武新宿線,新宿駅,近く,鳥,京,平日,土日,オープン,店,時間,扉,オープン,雰囲気,買い物,後,焼鳥,生ビール,季節,テーブル席,カウンター,席,テレビ,時間帯,情報番組,野球中継,一杯,乙,一人,サマ,オーダー,店,方,対面,式,最近,タッチパネル,人,,,,,,,,,,,,,,,,,,,,,,,,,,,,,,,,,,,,,,,,,,,,,,,,,,,,,,,,,,,,,,,,,,,,,,,,,,,,,,,,,,,,,,,,,,,,,,,,,,,,,,,,,,,,,,,,,,,,,,,,,,,,,,,,,,,,,,,,,,,,,,,,,,,
3,立川駅,菊松,食堂,価値,菊松,食堂,土曜日,オープン,同時,来店,店内,程,人,人気,店,菊松,食堂,店内,女の子,同士,年配,人,若者,店,証し,メニュー,本格,炭火,焼,干物,種類,フライ,ステーキ,料理,写真,手,料理,料理,時間,店,アジ,フライ,カキフライ,唐揚げ,本格,炭火,焼,干物,〆さば,タコ,ステーキ,卵,サラダ,アイス,白子,馬刺し,エンガワ,ユッケ,グラタン,コロッケ,栃尾,揚げ,イカ,ゴロ,焼き,モツ煮,枝豆,全部,本格,炭火,焼,干物,魚,関係,料理,久しぶり,料理,手抜き,盛り,付け,食用,タンポポ,フライ,タルタルソース,ツナ,料理,手抜き,一切,菊松,食堂,立川,ランチ,本格,炭火,焼,干物,今度,ランチ,本格,炭火,焼,干物,,,,,,,,,,,,,,,,,,,,,,,,,,,,,,,,,,,,,,,,,,,,,,,,,,,,,,,,,,,,,,,,,,,,,,,,,,,,,,,,,,,
4,立川駅,北口,モノレール,伊勢丹,立川,店,立川,高島屋,遊歩道,立川,ステージ,ガーデン,ソラノホテル,商業施設,オフィス,等,構成,複合施設,モノレール,向かい側,建物,階,位置,菊松,食堂,隣,菊松,食堂,メイン,店内,週末,土曜日,天気,ランチ,オープン,テラス,店頭,メニュー,他,店舗,リーズナブル,菊松,食堂,チョイス,広島,産,大粒,カキフライ,定食,鶏,竜田揚げ,定食,オーダー,味,普通,テラス,席,陽気,,,,,,,,,,,,,,,,,,,,,,,,,,,,,,,,,,,,,,,,,,,,,,,,,,,,,,,,,,,,,,,,,,,,,,,,,,,,,,,,,,,,,,,,,,,,,,,,,,,,,,,,,,,,,,,,,,,,,,,,,,,,,,,
5,愛,休日,グリーンスプリングス,前,菊松,食堂,奥様,先日,寄り,アダムス,オーサム,パイ,今週,ハコヅメ,店,合コン,シーン,向かい,グリスプ,デートシーン,来週,菊松,食堂,奥様,何,度,食べに,様子,私,定食,モード,時,満席,テラス,席,愛犬,食べに,来,発見,愛犬,席,店内,間,カツカレー,他所,テーブル,久方ぶり,豚キムチ,定食,奥様,事,個,定食,発注,武蔵村山,下田,畜産,厳選,豚肉,使用,次回,是非,野球,事,共用,頭皮マッサージ,ャー,事,話,注文,品々,写真,,,,,,,,,,,,,,,,,,,,,,,,,,,,,,,,,,,,,,,,,,,,,,,,,,,,,,,,,,,,,,,,,,,,,,,,,,,,,,,,,,,,,,,,,,,,,,,,,,,,,,,,,,,,,,,,,
6,下北沢カレーフェスティバル,軒,目,カレー,軒,食,濃厚,海老,バターカレーハーフサイズ,少なめ,バター,カレー,海老,風味,,,,,,,,,,,,,,,,,,,,,,,,,,,,,,,,,,,,,,,,,,,,,,,,,,,,,,,,,,,,,,,,,,,,,,,,,,,,,,,,,,,,,,,,,,,,,,,,,,,,,,,,,,,,,,,,,,,,,,,,,,,,,,,,,,,,,,,,,,,,,,,,,,,,,,,,,,,,,,,,,,,,,,,,,,,
7,カフェ,時間帯,来店,メニュー,一杯,目,モヒート,モヒート,コーヒー,店,午前11時,半,翌朝,昼飲み,良さ,,,,,,,,,,,,,,,,,,,,,,,,,,,,,,,,,,,,,,,,,,,,,,,,,,,,,,,,,,,,,,,,,,,,,,,,,,,,,,,,,,,,,,,,,,,,,,,,,,,,,,,,,,,,,,,,,,,,,,,,,,,,,,,,,,,,,,,,,,,,,,,,,,,,,,,,,,,,,,,,,,,,,,,,,,
8,マンゴー,ケーキ,注文,小さめ,ケーキ,,,,,,,,,,,,,,,,,,,,,,,,,,,,,,,,,,,,,,,,,,,,,,,,,,,,,,,,,,,,,,,,,,,,,,,,,,,,,,,,,,,,,,,,,,,,,,,,,,,,,,,,,,,,,,,,,,,,,,,,,,,,,,,,,,,,,,,,,,,,,,,,,,,,,,,,,,,,,,,,,,,,,,,,,,,,,,,,,,,,
9,新宿駅,新宿三丁目駅,間,居酒屋,密集,エリア,店内,室,個室,今,時期,他,接触,安心,トイレ,時,要注意,レンゲ,豆腐,種,トマト,味,変化,手,手軽,盛り合わせ,マグロ,サーモン,カツオ,鯛,盛り,肉,厚,大ぶり,切れ,人前,脂,焼き鳥,盛り合わせ,タレ,味,種,タレ,野菜,焼き鳥,盛り合わせ,塩味,種,塩味,白子,焼き,塩気,酒のつまみ,タコ,唐揚げ,醤油,ニンニク,レモン,手羽先,味,外側,パリ,中,プリッ,手頃,価格,量,若者,人気,店,,,,,,,,,,,,,,,,,,,,,,,,,,,,,,,,,,,,,,,,,,,,,,,,,,,,,,,,,,,,,,,,,,,,,,,,,,,,,,,,,,,,,,,,,,,,,,,,,,,,,,,,,,,,,,,,,,,
10,無制限,飲み放題,個室居酒屋,新宿,店,-2,東京都新宿区新宿,-3,永和,商事,ビル,新宿,東南,口,徒歩,数,分,位置,個室居酒屋,鍋,魅力的,占い師,シウマ,待,受,鍋,写真,ローストビーフ,長芋,上,ワサビ,マグロ,予想,以上,脂,焼き,柚子胡椒,下,キャベツ,明太子,玉子焼き,間,明太子,間,トッピング,出汁,玉子焼き,鍋,明太,痛風,鍋,チゲ,チゲ鍋,辛さ,控えめ,若干,苦手,方,イケ,気,後,クーポン,無料,肉寿司,満腹,ストップ,中,飲み放題,得,クーポン,ハッピーアワー,時間,利用,得,物,長芋,地鶏,一,枚,焼き,明太子,玉子焼き,米沢,豚,チゲ鍋,物,生ビール,ハイボール,トマト,ハイ,出羽,桜,酒場,レモンサワー,店,雰囲気,セピア色,江戸時代,雰囲気,個室,安心,店,方,東口,東南,口,ドンキホーテ,裏側,ビル,一,階,,,,,,,,,,,,,,,,,,,,,,,,,,,,,,,,,,,,,,,,,,,,,,,,,,,,,,,,,,,,,,,,,,,,,,,,,,
11,個室居酒屋,新宿駅,東南,口,徒歩,場所,店,飲み放題,得,居酒屋,平日,予約,店内,席,造り,基本的,客室,個室,半,個室,他,気,食事,メニュー,食べ放題,時間,無制限,飲み放題,セット,コース,豊富,用意,ドリンク,アラカルト,注文,可能,圧倒的,放題,得,日,料理,アラカルト,ドリンク,時間,無制限,飲み放題,注文,注文,料理,ラインナップ,ローストビーフ,刺身,盛り合わせ,炭火焼き,串,明太子,魚介,料理,肉料理,品,堪能,明太子,モツ鍋,ニラ,明太子,豪快,投入,スープ,ベース,西京味噌,麻,辣,白湯,塩,種類,モツ,旨味,明太子,旨味,一品,特製,チキン南蛮,大山,鶏,モモ肉,使用,ボリューム,一品,食感,クセ,際,注文,必須,一品,喫煙,飲み放題,リーズナブル,機会,再訪,,,,,,,,,,,,,,,,,,,,,,,,,,,,,,,,,,,,,,,,,,,,,,,,,,,,,,,,,,,,,,,,,,,,,,,,,,,,,,,,,,,,,,
12,品川駅高輪口,プリンスホテル,方面,ウィング,高輪,韓国料理,オジョリ,ディナー,タイム,何,度,邪魔,平日,ランチ,時,前,席,案内,韓流,セット,ランチ,豪華,ランチ,石,焼,明太,ビビンパ,唐辛子,マーク,,,,,,,,,,,,,,,,,,,,,,,,,,,,,,,,,,,,,,,,,,,,,,,,,,,,,,,,,,,,,,,,,,,,,,,,,,,,,,,,,,,,,,,,,,,,,,,,,,,,,,,,,,,,,,,,,,,,,,,,,,,,,,,,,,,,,,,,,,,,,,,,,,,,,,,,,,,,
13,散歩,途中,ランチ,店,駅前,プリンス,訪問,何,店舗,営業,入口,左,右,ランチ,メニュー,豊富,夫,入店,韓流,プレミアム,セット,ハラミ,ランチ,上,勝手,焼肉,残念,スープ,ドリンク,セット,結構,スープ,卵,スープ,マイルド,ドリンク,マンゴー,ジュース,韓流,セット,冷麺,ビビンパ,セット,ボリューム,盛岡冷麺,甘み,スープ,麺,ビビンパ,ハーフ,結構,ボリューム,私,一番,好み,マイルド,味,調和,飲み物,ショウガ,茶,サラダ,前菜,漬物,夫,シェア,一,杯,店,清潔,店内,,,,,,,,,,,,,,,,,,,,,,,,,,,,,,,,,,,,,,,,,,,,,,,,,,,,,,,,,,,,,,,,,,,,,,,,,,,,,,,,,,,,,,,,,,,,,,,,,,,,,,,,,,,,,,,,,,
14,品川,水族館,アクアパーク,夜,夜,カップル,良さ,夜,イルカショー,今どき,プロジェクションマッピング,ショー,融合,音,光,水,イルカ,達,大人,年パス,元,夜,ショー,人,近く,年,パス,何度,,,,,,,,,,,,,,,,,,,,,,,,,,,,,,,,,,,,,,,,,,,,,,,,,,,,,,,,,,,,,,,,,,,,,,,,,,,,,,,,,,,,,,,,,,,,,,,,,,,,,,,,,,,,,,,,,,,,,,,,,,,,,,,,,,,,,,,,,,,,,,,,,,,,,,,,,,,,,
15,富山県,食材,日本酒,富山,産,店,店主,富山出身,ビール,乾杯,エール,注文,会計,渋谷駅,徒歩,数,分,好立地,分,値段,食べログ,アプリ,予約,飲み放題,付き,コース,方,安,牌,,,,,,,,,,,,,,,,,,,,,,,,,,,,,,,,,,,,,,,,,,,,,,,,,,,,,,,,,,,,,,,,,,,,,,,,,,,,,,,,,,,,,,,,,,,,,,,,,,,,,,,,,,,,,,,,,,,,,,,,,,,,,,,,,,,,,,,,,,,,,,,,,,,,,,,,,,,,
16,渋谷駅,周辺,一杯,軒,井の頭線,渋谷駅,界隈,店,店,感じ,清潔感,テーブル席,案内,活気,期待,生ビール,店,歩いた,ビール,メニュー,富山,料理,ホタルイカ,昆布巻き,注文,ホタルイカ,風味,味,濃厚,ビール,レモンサワー,席,カウンター,移動,一杯,時,昆布巻き,昆布,風味,味わい,レモンサワー,料理,桜海老,鱒,富山名物,次回,腰,,,,,,,,,,,,,,,,,,,,,,,,,,,,,,,,,,,,,,,,,,,,,,,,,,,,,,,,,,,,,,,,,,,,,,,,,,,,,,,,,,,,,,,,,,,,,,,,,,,,,,,,,,,,,,,,,,,,,,,,,,,,,,,,,,,,,,,,,,
17,富山弁,馴染み,富山,方言,富山,居酒屋,ヨイチャベ,ランチタイム,昼,定食,中,氷見,ブリ,刺身,マグロ,叩き,水分,控えめ,,,,,,,,,,,,,,,,,,,,,,,,,,,,,,,,,,,,,,,,,,,,,,,,,,,,,,,,,,,,,,,,,,,,,,,,,,,,,,,,,,,,,,,,,,,,,,,,,,,,,,,,,,,,,,,,,,,,,,,,,,,,,,,,,,,,,,,,,,,,,,,,,,,,,,,,,,,,,,,,,,,,,,,
18,道玄坂,店,渋谷駅,神泉駅,方,道玄,坂,チンチロリンハイボールチャレンジ,結局,半額,タン,三種,盛り合わせ,タン,三種,キムチ,盛り合わせ,定番,メニュー,盛り合わせ,定番,メニュー,裏,ユッケ,裏メニュー,カルビ,卵の黄身,個人的,韓国,風,大きめ,カット,半殺しキムチ,高菜,ハラミ,普通,酒,会計,名,予約,必須,,,,,,,,,,,,,,,,,,,,,,,,,,,,,,,,,,,,,,,,,,,,,,,,,,,,,,,,,,,,,,,,,,,,,,,,,,,,,,,,,,,,,,,,,,,,,,,,,,,,,,,,,,,,,,,,,,,,,,,,,,,,,,,,,,,,,,,,,,,,,,,,
19,渋谷,道玄坂,友達,焼肉,事,渋谷,駅,キムチ,ナムル,盛り合わせ,私,大好き,カルビ,ハラミ,ロース,ジューシー,,,,,,,,,,,,,,,,,,,,,,,,,,,,,,,,,,,,,,,,,,,,,,,,,,,,,,,,,,,,,,,,,,,,,,,,,,,,,,,,,,,,,,,,,,,,,,,,,,,,,,,,,,,,,,,,,,,,,,,,,,,,,,,,,,,,,,,,,,,,,,,,,,,,,,,,,,,,,,,,,,,,,,,,,
20,渋谷,三,店舗,渋谷道玄坂,店,邪魔,来店,度,来店,ポイント,来店,回数,ドリンク,サイズ,アップ,ヨーグルト,ドリンク,全部,店員,一番,提供,苦手,方,焼き,奉行,方,今回,夜,カルビ,品切れ,残念,メニュー,半殺しキムチ,盛り,ポテトサラダ,和牛,カルビ,特,上,厚,切り,塩,タン,旨辛,ラーメン,半殺しキムチ,一緒,辛,ウマ,,,,,,,,,,,,,,,,,,,,,,,,,,,,,,,,,,,,,,,,,,,,,,,,,,,,,,,,,,,,,,,,,,,,,,,,,,,,,,,,,,,,,,,,,,,,,,,,,,,,,,,,,,,,,,,,,,,,,,,,,,,,,,,,,,,,,,,,
21,量,バラエティー,豊か,他,皆さん,通り,串焼き,方,丁寧,好きな人,飲み放題,味,大通り,人,感じ,店,,,,,,,,,,,,,,,,,,,,,,,,,,,,,,,,,,,,,,,,,,,,,,,,,,,,,,,,,,,,,,,,,,,,,,,,,,,,,,,,,,,,,,,,,,,,,,,,,,,,,,,,,,,,,,,,,,,,,,,,,,,,,,,,,,,,,,,,,,,,,,,,,,,,,,,,,,,,,,,,,,,,,,,,,
22,名,同窓会,店,個室,予約,可,店,邪魔,古民家,改造,店,造り,カウンター,席,等,系,グループ,向け,テーブル席,古民家,ワン,フロア,ブチ,テーブルレイアウト,独立,性,小,区切り,スペース,感じ,結果,私達,席,密閉,タイプ,個室,隣席,他人,気,若干,料理,飲み放題,付き,三,五,八,名物,コース,博多,酢,キャベツ,特製,釜,肉,豆腐,博多,串焼,野菜,巻き,串,本,盛り,博多,餃子,友人,間,野菜,巻,串,新鮮,肉,豆腐,釜,餃子,味,濃いめ,ユニーク,最後,麺,麺,団体,宴会,一品,一,品,評価,全体,構成,分量,好評,古民家,風,店内,幹事,胸,料理,提供,提供,ピーク時,遅れ,順番,前後,スタッフ,方,対応,丁寧,不満,程,幹事,友人,会,点,気がかり,店,雰囲気,料理,構成,スタッフ,対応,合格点,大変,,,,,,,,,,,,,,,,,,,,,,,,,,,,,,,,,,,,,,,,,,,,,,,,,,,,,,,,,,,,,,,,
23,東京,博多,串焼,野菜,巻き,串,オシャレ,店内,飲み放題,ドリンク,メニュー,充実,更新,,,,,,,,,,,,,,,,,,,,,,,,,,,,,,,,,,,,,,,,,,,,,,,,,,,,,,,,,,,,,,,,,,,,,,,,,,,,,,,,,,,,,,,,,,,,,,,,,,,,,,,,,,,,,,,,,,,,,,,,,,,,,,,,,,,,,,,,,,,,,,,,,,,,,,,,,,,,,,,,,,,,,,,,,,,,
24,天丼,セット,蕎麦,天丼,,,,,,,,,,,,,,,,,,,,,,,,,,,,,,,,,,,,,,,,,,,,,,,,,,,,,,,,,,,,,,,,,,,,,,,,,,,,,,,,,,,,,,,,,,,,,,,,,,,,,,,,,,,,,,,,,,,,,,,,,,,,,,,,,,,,,,,,,,,,,,,,,,,,,,,,,,,,,,,,,,,,,,,,,,,,,,,,,,,,,
25,今回,ビアテラスプラン,利用,気温,ブランケット,ホッカイロ,外,気温,時,利用,オススメ,料理,前回,内容,味,,,,,,,,,,,,,,,,,,,,,,,,,,,,,,,,,,,,,,,,,,,,,,,,,,,,,,,,,,,,,,,,,,,,,,,,,,,,,,,,,,,,,,,,,,,,,,,,,,,,,,,,,,,,,,,,,,,,,,,,,,,,,,,,,,,,,,,,,,,,,,,,,,,,,,,,,,,,,,,,,,,,,,,,,,
26,自由が丘駅,北口,前,天ぷら,居酒屋,天寅,二,訪店,平日,開店,半,過ぎ,席,屋内,席,テラス,注文,鶏,親子,天丼,ワカメ,味噌汁,小鉢,味付け,天つゆ,鶏,天,ムネ肉,煮卵,天ぷら,食感,天ぷら,新鮮,海鮮,天ぷら,野菜,天,三,種,アクセント,完,食,今日,利便性,高い,立地,メニュー,豊富,味,ボリューム,利用,店,,,,,,,,,,,,,,,,,,,,,,,,,,,,,,,,,,,,,,,,,,,,,,,,,,,,,,,,,,,,,,,,,,,,,,,,,,,,,,,,,,,,,,,,,,,,,,,,,,,,,,,,,,,,,,,,,,,,,,,,,,,,,,,,,,,,,
27,不忍,口,出て,アメ横,方面,上野,飲み屋,街,場所,店,日曜,午後,辺り,最近,個室居酒屋,店内,全,卓,完全,個室,席,クッション,最高,腰,笑,牛タン,カルパッチョ,¥880,☑,牛タン,焼き,¥780,☑,塩,豆腐,¥480,☑,鶏,軟骨,揚げ,¥590,☑,アボカドサーモンマヨ,¥880,牛タン,メニュー,充実,食べ方,オーダー,際,山芋,一夜漬け,注文,別,注文,一言,店員,私,好き,全体的,料理,ボリューミー,コスパ,牛タン,値段,居酒屋,焼肉,,,,,,,,,,,,,,,,,,,,,,,,,,,,,,,,,,,,,,,,,,,,,,,,,,,,,,,,,,,,,,,,,,,,,,,,,,,,,,,,,,,,,,,,,,,,,,,,,,,,,,,,,,,,,,,,,,,,,,
28,友人,アメ横,買い物,後,駅,近,新,店舗,来店,久々,再会,話,完全,個室,席,タン,フェア,ガッツリ,肉付き,私,スライス,山芋,胃,大好き,ハイボール,注文,分量,炭酸,酒肴,玉子,塩,豆腐,注文,玉子,醤油,付け,合わせ,カラシ,玉子,カラシ,提供,店,塩,豆腐,自家製,豆腐,クリーミー,上,白,ネギ,塩昆布,食感,タン,メニュー,注文,スープ,旨味,タン,最高,伝説,味,品,焼き餃子,注文,焼き餃子,皮,具材,パンパン,ジューシー,肉汁,箸,手羽先,皮,食感,一本,一本,腕,酒,蒸し,注文,スープ,出汁,凝縮,身体,店員,元気,対応,駅,近,コスパ,料理,絶対,人気,繁盛,店,,,,,,,,,,,,,,,,,,,,,,,,,,,,,,,,,,,,,,,,,,,,,,,,,,,,,,,,,,,,,,,,,,,,,,,,,,,,,,,,,,,,,,,,,,
29,今日,上野公園,上野動物園,蔓延,防止,解除,土曜日,人,早め,事,頃,人,個室,店,店,発見,空席,個室,事,レモンサワー,乾杯,一杯,グラス,出世,レモンサワー,今回,食事,メイン,事,メニュー,タン,刺し,食感,限り,生,柚子胡椒,相性,バッグ,タン,タン,サッパリ,味付け,タン,食感,一品,事,店,牛タン,柔らか,焼き餃子,個,中,肉汁,鉄板,熱々,肉汁,火傷,注意,笑,手羽先,値段,ボリューム,心配,衣,ジューシー,肉,レモンサワー,相性,抜群,ペロリ,笑,玉子,居酒屋,メニュー,中,味,塩豆,富,塩,ダレ,豆腐,合い,家,真似,酒,蒸し,身,旨味,濃厚,ポテト,時,オススメ,店員,接客,上野,個室,店,方,店,機会,利用,,,,,,,,,,,,,,,,,,,,,,,,,,,,,,,,,,,,,,,,,,,,,,,,,,,,,,,,,,,,,,,,,,,,,,,,,,,,,,,,,,,,
30,噂,エビ,チーズフォンデュ,ホンデポチャ,イケメン通り,隣,通り,公園,目,前,予約,必須,店,予約,先客,組,エビチーズフォンデュチキン,時,手,骨なし,衣,ソース,生,玉ねぎ,全く,辛み,,,,,,,,,,,,,,,,,,,,,,,,,,,,,,,,,,,,,,,,,,,,,,,,,,,,,,,,,,,,,,,,,,,,,,,,,,,,,,,,,,,,,,,,,,,,,,,,,,,,,,,,,,,,,,,,,,,,,,,,,,,,,,,,,,,,,,,,,,,,,,,,,,,,,,,,,,,,,,,
31,チーズ,エンターテイメント,チーズタッカルビ,韓国,焼酎,定休,無休,料理,エンターテイメント,的,要素,重要,是非,友人,韓国,際,,,,,,,,,,,,,,,,,,,,,,,,,,,,,,,,,,,,,,,,,,,,,,,,,,,,,,,,,,,,,,,,,,,,,,,,,,,,,,,,,,,,,,,,,,,,,,,,,,,,,,,,,,,,,,,,,,,,,,,,,,,,,,,,,,,,,,,,,,,,,,,,,,,,,,,,,,,,,,,,,,,,,,,,,
32,新大久保,一角,人気,店,ホンデポチャ,感染者,最多,更新,中,大,繁盛,人気,韓国料理,屋,メニュー,メチャクチャ,メニュー,サムギョプサル,チーズフォンデュ,タッカンジョン,チーズ,ボール,ヤンニョム,チキン,フライドチキン,プルコギ,ホルモン,イイダコ,チャプチェ,キン,トッポギ,ポテトフライ,サムゲタン,豆腐,チゲ,ビビンバ,韓国料理,好き,流石,大,人数,満足,新大久保,ファミレス,キンパ,味,醤油,チキン,味,無難,ウマシ,醤油,ニンニク,チキン,私,タレ,好き,辛,ピリ,豚,失敗,ピリ辛,チーズマグマキムチチャーハン,ウマシ,エビ,チーズフォンデュ,チーズステッィク,チーズ,メニュー,胃もたれ,,,,,,,,,,,,,,,,,,,,,,,,,,,,,,,,,,,,,,,,,,,,,,,,,,,,,,,,,,,,,,,,,,,,,,,,,,,,,,,,,,,,,,,,,,,,,,,,,,,,,,,,,,,,,,,,,,,
33,亭,池,掘り,今回,区切り,深掘,フィナーレ,陸,丼,,,,,,,,,,,,,,,,,,,,,,,,,,,,,,,,,,,,,,,,,,,,,,,,,,,,,,,,,,,,,,,,,,,,,,,,,,,,,,,,,,,,,,,,,,,,,,,,,,,,,,,,,,,,,,,,,,,,,,,,,,,,,,,,,,,,,,,,,,,,,,,,,,,,,,,,,,,,,,,,,,,,,,,,,,,,,,,,
34,三越前駅,ランチタイム,食べログ,予約,事前,予約,安心,海,丼,画像,ローストビーフ,山,丼,,,,,,,,,,,,,,,,,,,,,,,,,,,,,,,,,,,,,,,,,,,,,,,,,,,,,,,,,,,,,,,,,,,,,,,,,,,,,,,,,,,,,,,,,,,,,,,,,,,,,,,,,,,,,,,,,,,,,,,,,,,,,,,,,,,,,,,,,,,,,,,,,,,,,,,,,,,,,,,,,,,,,,,,,,,,
35,ランチ,時間,店,当たり,時間,漬け,丼,カウンター,キッチン,生姜焼き,系,注文,丼,魚,新鮮,魚,種類,漬け,具合,他,海鮮丼,別,機会,夜,店,方,丁寧,対応,大,満足,ランチ,,,,,,,,,,,,,,,,,,,,,,,,,,,,,,,,,,,,,,,,,,,,,,,,,,,,,,,,,,,,,,,,,,,,,,,,,,,,,,,,,,,,,,,,,,,,,,,,,,,,,,,,,,,,,,,,,,,,,,,,,,,,,,,,,,,,,,,,,,,,,,,,,,,,,,,,,,
36,赤坂,店,何,回,最近,主,神田,店,予約,方,無難,今,ズワイガニ,スパイシー,サラダ,春巻,棒々鶏,サラダ,春巻,麻婆豆腐,海の幸,プリプリ,海老,団子,黒酢,酢豚,担々麺,野菜,湯麺,看板,商品,麻婆豆腐,坦々麺,安定,毎回,間違い,品数,気軽,店,重宝,サービス,マニュアル,通り,好感,,,,,,,,,,,,,,,,,,,,,,,,,,,,,,,,,,,,,,,,,,,,,,,,,,,,,,,,,,,,,,,,,,,,,,,,,,,,,,,,,,,,,,,,,,,,,,,,,,,,,,,,,,,,,,,,,,,,,,,,,,,,,,,,,,,,,,,,,,,,,
37,グルメブログ,東京,グルメ,運営,口コミ,投稿,訪問,回数,回,目,毎回,次,麻婆豆腐,麻婆豆腐,注文,辛さ,今日,今日,辛,プラス,料金,表題,表記,反省,到着,圧倒的,提供,スピード,麻婆豆腐,赤,黒,丼,卵,ザーサイ,甜面醤,豆板醤,醤油,ベース,味付,正統派,麻婆豆腐,辛,ホァジャオ,痺れ,学生時代,中華料理,屋,アルバイター,麻婆豆腐,結果,舌,バカ,本日,卓上,ホァジャオミル,丼,単品,ザーサイ,オンザライス,方,実践,スープ,替り,自由,言葉,幸せ,満腹,感,到来,完,食,,,,,,,,,,,,,,,,,,,,,,,,,,,,,,,,,,,,,,,,,,,,,,,,,,,,,,,,,,,,,,,,,,,,,,,,,,,,,,,,,,,,,,,,,,,,,,,,,,,,,,,,,,,,,,,,,,
38,神田駅,北口,大通り,横道,炎,麻,堂,神田,以外,赤坂,三軒茶屋,店,平日,前,訪問,先客,組,名,後,客,緊急事態宣言,中,中休み,営業,店名,炎,麻,堂,料理,メニュー,多く,自分,好み,辛さ,店,,,,,,,,,,,,,,,,,,,,,,,,,,,,,,,,,,,,,,,,,,,,,,,,,,,,,,,,,,,,,,,,,,,,,,,,,,,,,,,,,,,,,,,,,,,,,,,,,,,,,,,,,,,,,,,,,,,,,,,,,,,,,,,,,,,,,,,,,,,,,,,,,,,,,,
39,懐,リーマン,店,好き,駅,問題,店,プロ,グルメ,雑誌,自分,範囲,満足,外食,日々,奮発,諭吉,内容,様々,店,雰囲気,客層,味,値段,居心地,満足,店,リーマン,自分,的,高め,料理,内容,居心地,接客,全て,大好き,店,昼食,午後,店,前,色,暖簾,風,コロナ禍,訪問,入店,思案,昼,確か,定食,満腹中枢,脳,意見交換,踵,扉,入り口,厨房,君,目,自分,定食,自分,ダメ,君,肴,大丈夫,自分,先客,皆さん,定食,ランチ,中,自分,芋焼酎,ロック,定食,使用,天ぷら,適当,大人,ワガママ,限り,江戸切子,グラス,芋焼酎,揚げたて,天ぷら,大好き,鱧,天,夜メ,ニュー,,,,,,,,,,,,,,,,,,,,,,,,,,,,,,,,,,,,,,,,,,,,,,,,,,,,,,,,,,,,,,,,,,,,,,,,,,,,,,,,,,,,,,,,,,,
40,初,訪問,前,ブックマーク,店,何回,フラ,予約,訪問,北千住,方角,和食,近隣,マタドール,是,家,優秀,店,エリア,コチラ,コース,楽,日,アラカルト,刺し,唐墨,大根,牡蠣,柔らか,アワビ,アスパラ,バター醤油,オーダー,レギュラー,メニュー,日替わり,豊富,刺し,盛り,サヨリ,鯖,鯛,蛸,鮪,中トロ,圧倒的,鮪,味,熟成,感,唐墨,仕上がり,歯,感じ,コチラ,特徴,大根,棒状,食感,牡蠣,柔らか,アワビ,アスパラ,バター醤油,不味,組み合わせ,ー,店,店主,距離感,提供,客層,店内,雰囲気,静か,日本酒,追加,春菊,バルサミコ,好み,家で,筍,天ぷら,衣,盛り,鮪,店,日本酒,多く,辛口,ウニ,パスタ,店,絶対,,,,,,,,,,,,,,,,,,,,,,,,,,,,,,,,,,,,,,,,,,,,,,,,,,,,,,,,,,,,,,,,,,,,,,,,,,,,,,,,,,,,,,,,,,,
41,北千住,ミシュランガイド,ビブグルマン,選出,店,選出,後,困難,訪店,事前,予約,知人,会食,利用,北千住駅,東口,徒歩,強,立地,的,隠れ家,感,西口,側,場合,大,踏切,一体,何,分,足止め,牛田駅,風情,下町,良さ,雰囲気,当店,スタッフ,皆さん,立ち,振る舞い,千住,界隈,中,接客,日,一人,当たり,税抜,店,コース,発注,子,品数,ボリューム,故,正直,少食,方,十分,堪能,塩分,最後,温か,値段,以上,クオリティ,関心,二,時間,強,宴,後,否,甘味,付属,完璧,以前,アラカルト,利用,時,満足度,気,当店,握り寿司,レベル,故,コース,プラス,数,貫,千住,街,贅沢,,,,,,,,,,,,,,,,,,,,,,,,,,,,,,,,,,,,,,,,,,,,,,,,,,,,,,,,,,,,,,,,,,,,,,,,,,,,,,,,,,,,,,,,,,,
42,日本橋,個室,日本酒,海鮮,バル,魚,蔵,店,場所,東京駅,日本橋,ビル,一本,角,路地,裏,店構え,軒,家風,建物,個室,今回,席,入口,検温,手,指,消毒,入店,デス,日,和牛,刺し,天ぷら,品,飲み放題,コース,チョイス,通常,飲み放題,サワー,系,カクテル,系,生ビール,日本酒,プラス,ランクアップ,立地,良さ,破格,生ビール,プレミアムモルツ,タッチパネル,式,今,時代,先付け,海老,マヨ,プリプリ,エスニック,味,蒸し鶏,バンバンジー,キュウリ,バランス,サラダ,ジャコ,大根,パリ,パリ,サラダ,コース料理,大皿,各自,取り分け,時期,全て,料理,盛り合わせ,マグロ,ブリ,サーモン,肉,厚,食べ応え,海鮮,バル,産地,マグロ,インドマグロ,サーモン,タスマニア,産,サーモン,好き,脂,デス,日本酒,チェンジ,魅力,的,日本酒,国産,和牛,刺し,モモ,肉,ニク,食,感,海鮮,バル,和牛,ユッケ,本日,天ぷら,日,内容,日,大葉,人参,レンコン,サーモン,パプリカ,長芋,揚げたて,替り,プリーズ,ドリンク,連れ,サマ,ハイボールワタシ,ビール,チェンジ,海鮮,漁師,飯,マグロ,サーモン,ブリ,ネギトロ,具,量,小ぶり,量,調度,デザート,抹茶,バニラ,満席,店,方,フレンドリー,飲み放題,ドリンク,タッチパネル,オーダー,ストレスフリー,客層,東京駅,界隈,サラリーマン,方,大声,談笑,人,何,組,マスク,会食,意識高い,系,方,エリア,他,アラカルト,メニュー,ランチタイム,営業,気,所,退散,夜
43,魚,蔵,日本橋,店,東京都中央区,東京駅,八重洲北口,魚,蔵,日本橋,店,オープン,店,アルコール,消毒,検温,店,造り,テーブル席,個室,客層,老若男女,店,個室,店内,洋楽,最初,一杯,ジンジャー,ハイボール,最初,一,皿,長芋,ワサビ,漬け,山葵,清涼,辛味,刺身,五,点,盛り,カンパチ,ホタテ,インドマグロ,真鯛,タスマニア,産,サーモン,刺身,身,感,カン,サーモン,脂,他,刺身,味わい,風味,プリプリ,海老,マヨ,名,通り,海老,プリプリ,弾力,マヨネーズ,旨味,スパイシー,味つけ,後,マグロホホ,肉,長芋,コリアン,マグロホホ,肉,旨味,味わい,辛さ,塩梅,長芋,ネギ,パプリカ,野菜,スペアリブ,香味,揚げ,拳,紫芋,ポテトサラダ,彩り,衣,スパイシー,脂身,旨味,骨,周り,味わい,馬刺し,赤身,赤身,醤油,胡麻油,塩,食,赤身,身,味わい,旨味,長芋,ワサビ,漬け,税抜,刺身,五,点,盛り,税抜,プリプリ,海老,マヨ,税抜,マグロホホ,肉,長芋,コリアン,税抜,スペアリブ,香味,揚げ,税抜,熊本,馬刺し,赤身,税抜,熊本,馬刺し,税抜,ジンジャー,ハイボール,税抜,大変,,,,,,,,,,,,,,,,,,,,,,,,,,,,,,,,,,,,,,,,
44,今日,弟,日本橋,買い物,ディナー,魚,日,店,高島屋,雨,店,店,皆さん,早め,ディナー,タイム,息子,入店,入店,熱,チェック,傘,袋,用意,気,オーダー,タッチパネル,式,送信,完了,後,ピコーン,音,安心,コロナ,御,時世,写真,オーダー,烏龍茶,ビール,乾杯,最初,出て,サーモン,南蛮漬け,酢の物,苦手,私,完,食,本日,盛り,本日,タズマニア,産,サーモン,ブリ,インド洋,マグロ,サーモン,脂,味わい,エイヒレ,大好き,エイヒレ,生,ハムクリームサラダクリームチーズ,生ハム,ビジュアル,野菜,一緒,バゲット,チーズ,焼き,厚め,バゲット,上,トロトロカリカリ,チーズ,魚,創作料理,息子,熊本,馬刺し,赤身,生,スライス,ショウガ,生,玉ねぎ,スペアリブ,香味,揚げ,ガッツリ,スタミナ,スペアリブ,唐揚げ,スパイス,感じ,マグロ,頬,肉,長芋,コリアン,貴重,頬,肉,一,口,口,中,パプリカ,長芋,ネギ,野菜,コリアン,ソース,今回,以上,先程,スペアリブ,腹いっぱい,時間,日本橋,買い物,,,,,,,,,,,,,,,,,,,,,,,,,,,,,,,,,,,,,,,,,,,,,,,,,,,,,,,,,,,
45,新宿,歌舞伎町,怪しげ,店,肉,バル,店,中,評判,良さ,来店,新宿,真ん中,店内,感じ,注文,チーズフォンデュ,飲,放題,付き,コース,抜群,コスパ,豊富,具材,満足,チーズフォンデュ,自家製,濃厚,デート,女子,店内,,,,,,,,,,,,,,,,,,,,,,,,,,,,,,,,,,,,,,,,,,,,,,,,,,,,,,,,,,,,,,,,,,,,,,,,,,,,,,,,,,,,,,,,,,,,,,,,,,,,,,,,,,,,,,,,,,,,,,,,,,,,,,,,,,,,,,,,,,,,,,,,,,,,,,,,,
46,飲み放題,付,チーズフォンデュ,品,飲み放題,予約,隠れ家,的,店,店員,丁度,飲み放題,飲み物,安心,高,評価,食べ放題,システム,予習,食べ放題,最初,品,量,何,食べ放題,度目,学習,食べ放題,,,,,,,,,,,,,,,,,,,,,,,,,,,,,,,,,,,,,,,,,,,,,,,,,,,,,,,,,,,,,,,,,,,,,,,,,,,,,,,,,,,,,,,,,,,,,,,,,,,,,,,,,,,,,,,,,,,,,,,,,,,,,,,,,,,,,,,,,,,,,,,,,,,,,,,,,,,,,
47,目,前,カット,会社,宴会,来店,料理,店,雰囲気,オシャレ,店員,皆さん,外国,方,雰囲気,素敵,次,厨房,値段,飲み放題,食べ放題,料理,文句,罰,他,ロコ,ミ,時,コース,料理,等,書き込み,予約,時,来店,時,コース,内容,値段,確認,今回,飲み物,料理,スムーズ,何,問題,,,,,,,,,,,,,,,,,,,,,,,,,,,,,,,,,,,,,,,,,,,,,,,,,,,,,,,,,,,,,,,,,,,,,,,,,,,,,,,,,,,,,,,,,,,,,,,,,,,,,,,,,,,,,,,,,,,,,,,,,,,,,,,,,,,,,,,,,,,
48,オシャレ,家具,上品,店内,国産,牛,牛,挽肉,北海道産,銘柄,豚,夢,大地,豚,豚挽肉,使用,ハンバーグ,赤坂見附駅,徒歩,地下,入口,地下,一,階,席,一部,仕切り,個室,空間,店内,山本,ハンバーグ,中,店,近隣,ビジネスマン,メニュー,数,他,山本,ハンバーグ,半分,ビジネスパーソン,為,手作り,ハンバーグ,スピーディー,提供,様,店,最大,特徴,ディナー,俺,ワイン酒場,店,姿,点,昼間,メニュー,メニュー,サービス,提供,元気,スタッフ,類,以上,ワイン,イタリアン,腕,イケメンシェフ,料理,店長,サービス,居心地,店長,会い,インスタグラム,,,,,,,,,,,,,,,,,,,,,,,,,,,,,,,,,,,,,,,,,,,,,,,,,,,,,,,,,,,,,,,,,,,,,,,,,,,,,,,,,,,,,,,,,,,,,,,,,,,,,,,,,,,
49,日,コース,予約,店,早め,到着,赤坂見附駅,徒歩,外堀通り,沿い,店,俺,ワイン酒場,入ろう,看板,店名,山本,ハンバーグ,店名,看板,山本,ハンバーグ,今日,店,俺,ワイン酒場,住所,昼,山本,ハンバーグ,夜,俺,ワイン酒場,時間帯,店,安心,店内,入ろう,コスパ,抜群,コース,接客,店,地下,一,階,階段,店内,店内,カジュアル,感じ,全体,席,今回,食べログ,コスパ,飲み放題,付き,馬刺し,名物,ハンバーグ,生,ポテトフライ,堪能,飲み放題,プラン,値段,生ビール,ビール,放題,気兼ね,豪華,前菜,種,盛り合わせ,燻製,ポテトサラダ,阿波,鷄,レバー,ペースト,モルタデッラ,季節,スープ,揚げパスタ,前菜,全部,中,スープ,海老,ビスクスープ,酒,何,杯,ハイボール,酒,ハイボール,飲み放題,必須,アイテム,ジャンキー,サラダ,文字,不可避,ドレッシング,確か,ハンバーグ,屋,メンチカツ,鶏,ガーリック,種,盛り,揚げ物,酒のつまみ,最適,例,通り,メンチカツ,ガーリック,風味,唐揚げ,手,一品,ハンバーグ,屋,キラー,ワード,生,ポテトフライ,山盛り,ポテトフライ,ボリューム,食べ応え,十分,ユッケ,馬刺し,盛り合わせ,料理,ユッケ,馬刺し,揚げ物,大人,ハンバーグ,昼,ハンバーグ,屋,ハンバーグ,登場,ジューシー,デミグラスソース,ハンバーグ,非常,満足度,高い,コース,コース,ボリューム,満点,ポテトフライ,迫力,飲み放題,付き,コスパ,アラカルト,注文,非常,リーズナブル,ドリンク,チンチロリン,料理,必要,アラカルト,店員,非常,フレンドリー,感じ,リピート,店,,,,,,
50,今日,送別会,利用,店,場所,店員,元気,名前,ワイン,我,酒,燻製,ポテサラ,生ハム,生,ポテトフライ,メイン,食事,コスパ,店,赤坂,ボ,店,中,安心,俺,シリーズ,ハンバーグ,,,,,,,,,,,,,,,,,,,,,,,,,,,,,,,,,,,,,,,,,,,,,,,,,,,,,,,,,,,,,,,,,,,,,,,,,,,,,,,,,,,,,,,,,,,,,,,,,,,,,,,,,,,,,,,,,,,,,,,,,,,,,,,,,,,,,,,,,,,,,,,,,,,,,,,,,,,,,
51,学生,街,高田馬場,焼肉店,先日,友人,二人,焼肉,,,,,,,,,,,,,,,,,,,,,,,,,,,,,,,,,,,,,,,,,,,,,,,,,,,,,,,,,,,,,,,,,,,,,,,,,,,,,,,,,,,,,,,,,,,,,,,,,,,,,,,,,,,,,,,,,,,,,,,,,,,,,,,,,,,,,,,,,,,,,,,,,,,,,,,,,,,,,,,,,,,,,,,,,,,,,,,,,
52,高田馬場駅,早稲田,口,早稲田通り,沿い,七輪焼肉安安,コース,夜,会計,別,会計,不可,,,,,,,,,,,,,,,,,,,,,,,,,,,,,,,,,,,,,,,,,,,,,,,,,,,,,,,,,,,,,,,,,,,,,,,,,,,,,,,,,,,,,,,,,,,,,,,,,,,,,,,,,,,,,,,,,,,,,,,,,,,,,,,,,,,,,,,,,,,,,,,,,,,,,,,,,,,,,,,,,,,,,,,,,,,,,
53,ポイント,消化,高田馬場,七輪,焼肉,予約,ランチ,雑居ビル,ランチタイム,一人,大丈夫,キャベツ,キャベツ,ザ,居酒屋,的,内装,席,一人,使用,カルビ,ランチ,税込,タブレット,気楽,ライス,ナシ,少量,指定,一人,七輪,コンナムル,付き,キャベツ,塩,デフォルト,質,値段,期待,以下,以上,味,肉,感じ,豚,ホルモンハーフサイズ,追加,ハーフ,トータル,ランチ,コスパ,,,,,,,,,,,,,,,,,,,,,,,,,,,,,,,,,,,,,,,,,,,,,,,,,,,,,,,,,,,,,,,,,,,,,,,,,,,,,,,,,,,,,,,,,,,,,,,,,,,,,,,,,,,,,,,,,,,,,,,,,,,,,,,,,,,,,,
54,掲載,以前,店,土曜,過ぎ,予約,満席,店,奥,窯,窯,ピザ,メニュー,ランチ,税込,グリーン,サラダ,ピザ,パスタ,ドリンク,セット,ランチ,税込,ランチ,前菜,デザート,プラス,ピザ,ピザ,ロマーナ,アンチョビ,オレガノ,モッツァレラチーズ,トマトソース,ピザ,選択,ピザ,美味,選択,ドリンク,ピアノ,演奏会,ホット,コーヒー,何,追加,料金,生ビール,ワイン,テーブル,上,ジンジャー,ピーチ,無,糖,香り,グリーン,サラダ,レタス,サラダ,ボリューム,ホット,コーヒー,器,イタリアン,コク,焼き立て,ピザ,等分,タバスコ,アツアツ,チーズ,アンチョビ,塩加減,アクセント,コスパ,窯,出来立て,ピザ,等,オススメ,クレジットカード,利用可能,秀逸,詳細,以下,ブログ,,,,,,,,,,,,,,,,,,,,,,,,,,,,,,,,,,,,,,,,,,,,,,,,,,,,,,,,,,,,,,,,,,,,,,,,,,,,,,,,,,,,,,,,,,,,,,,,,,
55,久しぶり,ランチ,期間,ワイン,ナシ,ランチ,パスタ,サラダ,数人,店内,席,店,奥,席数,平日,限定,前菜,盛り合わせ,ランチ,チーズ,ハンバーグ,日替わり,ピザ,サーモン,マッシュルーム,クリーム,パスタ,大好き,組み合わせ,サラダ,レタス,トマト,大根,食べ応え,ドレッシング,パスタ,クリームソース,窯,焼き,ピザ,人気,店,人,窯,焼き,ピザ,シェア,夕食,買い物,テラス,席,ワンコ,人気,ワケ,,,,,,,,,,,,,,,,,,,,,,,,,,,,,,,,,,,,,,,,,,,,,,,,,,,,,,,,,,,,,,,,,,,,,,,,,,,,,,,,,,,,,,,,,,,,,,,,,,,,,,,,,,,,,,,,,,,,,,,,,,,,,,,,,,,
56,前回,過日,弔問,ｸﾝ,仏前,返し,ｸﾝ,ｩﾝｩﾝ,下北,店,大昔,汐留,店,閉店,,,,,,,,,,,,,,,,,,,,,,,,,,,,,,,,,,,,,,,,,,,,,,,,,,,,,,,,,,,,,,,,,,,,,,,,,,,,,,,,,,,,,,,,,,,,,,,,,,,,,,,,,,,,,,,,,,,,,,,,,,,,,,,,,,,,,,,,,,,,,,,,,,,,,,,,,,,,,,,,,,,,,,,,,,,
57,新橋,仕事,旧友,不慣れ,土地,女性目線,今回,店,エレベーター,ビル,赤と黒,基調,内装,女性的,カッコ,良さ,テラス,席,予約,必須,ボックス,席,靴,靴,奥,ソファ,席,シック,色気,雰囲気,全面,ソファ,笑,□□□,料,理,□□□,タッチパネル,メニュー,店員,気,オーダー,メニュー,豊富,名物,ロティサリー,チキン,ドリンク,一緒に,最初,オーダー,プレモル,アボカドトマトサラダスライス,アボカド,トマト,見た目,サラダ,エスニック,風味,コブ,ドレッシング,キノコ,アヒージョ,マッシュルーム,エリンギ,女性,好き,アヒージョ,塩分,控えめ,男性,自分,方,笑,牛,タリアータミディアムレア,絶妙,火加減,ソース,濃いめ,食欲,ロティサリー,チキン,ハーフ,サイズ,十分,フルサイズ,皮,ラクレット,チーズ,岩塩,マスタード,最初,チーズ,肉,本来,味,肉,チーズ,笑,笑,フルサイズ,□□□,総,評,□□□,ソファ,ボックス,席,全面,黒,ソファ,席,合コン,女子会,新橋,サラリーマン,宴会,女子会,男性,デート,利用,様々,利用,ネット,飲み放題,付き,コース,料理,消費税,ロティサリー,チキン,アラカルト,注文,テラス,席,カップル,良さ,サービス,安め,店,ー,時,店,朗らか,嫌,思い,タッチパネル,式,スタッフ,負担,,,,,,,,,,,,,,,,,,,,,,,,,,,,,,,,,,
58,店,辺り,ランチメニュー,店,前,ステーキ,店,パーティー,内装,個室,ハラミ,ロース,ハラミステーキ,定食,ジョッキ,サラダ,スープ,セット,サラダドレッシング,シーザーサラダ,用,スープ,オニオンスープ,大盛り,紙,エプロン,鉄板,スタンバイ,付け合せ,コーン,肉,厚み,カット,ハラミステーキ,ソース,塩コショウ,ガッツリ,ニンニク,味,肉,何,グラム,結構,ボリューム,ガーリックライス,変更,ビル,三階,テラス,席,天気,日,最高,ランチ,,,,,,,,,,,,,,,,,,,,,,,,,,,,,,,,,,,,,,,,,,,,,,,,,,,,,,,,,,,,,,,,,,,,,,,,,,,,,,,,,,,,,,,,,,,,,,,,,,,,,,,,,,,,,,,,,,,,,,,,,,,,,,,,,,,
59,今夜,新橋駅,所,ボルギーニ,ー,ボックス,席,型,個室,安心,食事,ー,全,品,ボルギーニコース,季節,先付け,キッシュ,生ハム,イタリアン,感じ,カシスオレンジ,乾杯,シェフ,日替わり,前菜,サーモン,カルパッチョ,⭐,旬,サラダ,チキン,サラダ,新鮮,フライドポテト,ロティサリー,チキン,ゴージャス,プレート,皮,中,豚肩ロース,ステーキ,味わい,豊か,ポーク,日替わり,パスタ,ナポリタン,ソース,アルデンテ,加減,感じ,山崎,焙煎,樽,仕込,梅酒,ロック,デザート,ティラミス,フルーツ,ケーキ,幸せ,ー,コース,平日,夜,賑わい,大人気,ー,飲み放題,得,料理,女子会,,,,,,,,,,,,,,,,,,,,,,,,,,,,,,,,,,,,,,,,,,,,,,,,,,,,,,,,,,,,,,,,,,,,,,,,,,,,,,,,,,,,,,,,,,,,,,,,,,,,,,,,,,,,,,
