,review,name,link
0,"新宿は早い時間からオープンしてる店が多いから有難い。
仕事終わりの帰り道、焼き鳥が食べたいと思い歩いていると提灯に明かりがついた店を発見。

朝から何も食べていなかったので腹も減っていたのもあり、1お邪魔させてもらう事にした。

メニューは焼き鳥だけでなく一品料理のラインナップも豊富に揃えてあるので注文に迷ってしまう。


暑い日につまみたくなる丁度良い冷奴と揚げ茄子の揚げ浸しをまずはオーダー。
特に揚げ茄子の揚げ浸しは好物なので、メニューにあると嬉しくて見つけると必然的に頼んでしまう（笑）

お通しを食べながら待っていると10分程で提供された揚げ茄子の揚げ浸しは、大きな茄子が4つも入っていた。

出汁を吸った柔らかい茄子がたまらない。

安心する嬉しくも優しい美味しさ。


焼き鳥はどれを食べようかと悩んでいると、壁にこの店の焼き串ランキングが張り出しが。
これを参考に注文する事にした。

◉もも
皮がパリッとしてあり、ジューシーな脂と食感が◎。

◉レバー
臭みが無く、とろっとした舌触りが良い。

◉ぼんじり
旨みと脂がたっぷり乗った一本。

◉せせり
肉肉しさと旨みがどちらもあり、内容の濃い美味しさ。

◉つくね
あっさりしたつくねにタレ・卵黄との組み合わせが抜群。

◉ささみ明太
しっとり柔らかい良い火入れのささみと明太子が良い個性の美味しさ。


食べた焼き鳥でランキングをつけるならば、

1位 せせり
2位 ささみ明太
3位 もも・つくね・レバー
4位 ぼんじり

店によっては部位によってハズレの焼き串もある事もあるが、こちらは全て個性的な美味しさと良い焼き加減をしていた。

ランキングを付けたがどれも間違いなく美味い。

黒蜜きなこバニラアイスのデザートもお勧め。",新宿鶏料理専門店 鳥京,https://tabelog.com/tokyo/A1304/A130401/13255241/
1,"JR新宿駅を東口を出て、
信号をアルタの方へ渡り、
歌舞伎町一番街の方へ
まっすぐ行きます。
歌舞伎町一番街をまっすぐ行き、
とんかつにいむらを左へ行くと
右側にお店があります。
2021年3月1日オープン!！

美桜鶏(みおうどり)の
人気やきとり5種を
全ていただきました。
人気1位は、レバー
2位は、ねぎま、
3位は、つくね、
4位は、ささみ明太、
5位は、和牛もつ。

どれも美味しかったのですが、
この中で、個人的に1位を選ぶとしたら、
3位のつくねかな・・・。
美桜鶏(みおうどり)のうま味を
堪能できたから。
ヘルシーで、クセがなく、ジューシー。
＊美桜鶏(みおうどり)とは、
育成方法と飼料において
鶏の健康を第一に考え、
生み出した
オリジナルブランド鶏なんですよ。
産地は山梨県・長野県・静岡県。
富士山系・南アルプス連峰の
大自然の恵みを受け、
ストレスを与えず
健やかに育てられているんですよ。

上記の5品の他に、もも、はつ、
かわ、なんこつ、ぼんじり、
手羽先、砂肝などがあります。

おすすめメニューから、
阿波尾鶏ももたたきを
いただきました。
ジューシーな旨みを味わえ、
鶏肉好きにはたまりません。
まずは、そのまま食べてからの
ポン酢につけて食べると、
1度で2度、味を楽しめます。

阿波尾鶏は、
徳島県のブランド鶏で、
阿波踊りにちなんで「阿波尾鶏」と
名付けられたそうです。

＊料理が出てくるまで、
少し時間がかかるので、
注文する際は、
前半にオーダーした方が
いいと思います。

おすすめメニューから、
レバ刺しを
いただきました。
新鮮で、クセもなく、
レバー好きにオススメの
数量限定の逸品。

〆に、鶏ガラにゅうめんを
いただきました。
あっさりした鶏ガラスープにマッチした
麺好きにはたまらない逸品。

＊にゅうめんは、
""そうめん""を用いた麺料理の一種で、
茹でた麺を温かい出汁に入れた
奈良県発祥の郷土料理なんです。

デザートに、
黒蜜ときな粉のアイスを
いただきました。
黒蜜、きな粉とがアイスと絡み、絶妙。

おすすめメニューから、
トマトとアボカドのサラダを
いただきました。
トマト、アボカド、きゅうりとが
ドレッシングにマッチした逸品。
肉ばかりじゃなく、
サラダもちゃんと食べないとって感じなので
できるだけ、サラダも
オーダーするようにしてます。

ドリンクは、生ビール、ハイボールを
飲みました。
19時まで、何杯飲んでも
生ビール、ハイボールが180円なので、
飲み過ぎには気をつけて下さいね。

16時から営業しているので、
早い時間から飲みたい方にも
鶏料理好きにも
オススメのお店です。",菊松食堂,https://tabelog.com/tokyo/A1329/A132901/13201097/
2,"新宿西武新宿線の新宿駅からすぐ近くの鳥京へ～。
 
平日は15時から土日は12時からオープンしているお店なんです。
明るい時間から飲めちゃう。

扉はオープンで入りやすい雰囲気なので買い物の後にフラっと。
焼鳥に生ビールが美味しい季節になりました。

1階はテーブル席にカウンター席
テレビもあってまだ早い時間帯だったから情報番組だったけど
野球中継を見ながらも一杯と言うのも乙ですなー。
 
なのでお一人サマでも入れる気軽さ！！！

 
オーダーはお店の方との対面式～。
最近はタッチパネルなので人のぬくもりを感じちゃう。(笑)
 
◆生ビール
取り合えずの生で乾杯～。
キンキンに冷えて喉越しサイコー
お通しは3種類出てきました。

メニュー表 を見ると
美桜鶏を使った焼き鳥が売りみたい。しかも1本から注文できるのがありがたいので色んな種類が食べられる。

◆おまかせ5本盛り合わせ
・手羽先・かわ・ハツ・トマト・ウズラ
特に手羽先がジューシーでとっても美味しい。
塩ふり加減も良くキッチンでは職人さんがオーダーが入ってから一本一本丁寧に焼いているのが
テーブル席から見えました。

箸休め的に頼んだサラダ 
◆みょうがとゴマ油のサラダ
お店人気ナンバーワンなだけあってとにかくミョウガが良くきいてサッパリ
シャキシャキ食感がクセになる。

◆ふわとろ鉄板たまご焼き
アツアツフワフワ～。鉄板なので冷めません。 

串追加～。
 
◆定番串のマッシュルームつくね串
◆手羽先
マッシュルームは大きくてその中につくねが入って少しニンニクがきいてたかな。

人気やきとりランキングメニューを参考に(笑)頼んでみました。
 
◆つくね
タレがしっかりと味がついているので黄身にからませてまろやかにぃ。 あぁ～。ビールが進みますなぁ。

◆万願寺とうがらしの肉詰め
京都産直送の万願寺どうがらしみたい。
ピーマンより柔らかく甘く肉汁たっぷりがたまりません。
胡椒もほんのりきいて美味しい。
隠れメニューと言うのも納得

串焼きが美味しいのでビールではじまりビールで終わる。 

早い時間帯から飲めるのでサクッと飲んだり0次回にはおススメです(*^^*)     
   
 
   ",Lani cafe&bar,https://tabelog.com/tokyo/A1318/A131802/13151238/
3,"立川駅から少し歩くが本当に美味しい菊松食堂‼️

少し歩きますが行くだけの価値がある菊松食堂‼️

土曜日のオープン同時の17時に来店しましたが
30分程したら店内は混み合う程の知る人が知る
人気店の菊松食堂。

店内は若い女の子同士のお客さんもたくさん居ました。

年配の人から若者まで
とにかく、いろいろお客さんが来てました。

ある意味それは、良い店の証しです‼️

メニューは
本格炭火焼干物の種類がたくさんありました。

その後、フライ、とんかつ、ステーキまで
とにかくいろいろな料理がたくさんありました‼️

写真を見れば分かりましが
どれもこれもが手がかかってる料理‼️

料理の出る時間も早く、とても良いお店でした。

アジフライ‼️
カキフライ‼️
唐揚げ‼️
本格炭火焼干物‼️
〆さば‼️
タコの炙り‼️
とんかつ‼️
ステーキ‼️
卵がけご飯‼️
おでん‼️
サラダ‼️
アイス‼️
白子‼️
馬刺し‼️
エンガワユッケ‼️
グラタンコロッケ‼️
栃尾揚げ‼️
イカゴロ焼き‼️
モツ煮‼️
枝豆‼️

とにかく、全部が本当に美味しかった‼️

とにかく、本格炭火焼干物、お魚関係の料理、が久しぶりに
本当に美味しかったです。

そして、何もかも料理に手抜きが感じられない。

盛り付けにしても
食用タンポポまで使い。

フライのタルタルソースはツナが入ってたり
料理に手抜きが一切感じられませんでした！

本当に美味しかった
菊松食堂‼️

また、立川に行ったら
是非とも行きたいです。

ランチは
本格炭火焼干物がいろいろあって
これまた、おすすめらしいです。

今度はランチに
おすすめの本格炭火焼干物を食べに行きたいです。


わっしょいわっしょい。",無制限飲み放題 個室居酒屋 酔ってき屋 新宿店,https://tabelog.com/tokyo/A1304/A130401/13267643/
4,"JR立川駅北口から、モノレールに沿って伊勢丹 立川店、立川高島屋Ｓ.C.を超えて、遊歩道を歩いていったところにある立川ステージガーデンやソラノホテル、商業施設、オフィス等で構成された複合施設GREEN SPRINGS（グリーンスプリングス）。そのGREEN SPRINGS（グリーンスプリングス）とモノレールを挟んで向かい側にある建物の１階に位置する 菊松食堂。
隣は、となりの菊松食堂で、おにぎりをメインにしているようだけど、店内はつながっているようだ。

週末の土曜日、天気もいいので、ランチにオープンテラスがあり。店頭のメニューを見ると他の店舗よりリーズナブルな菊松食堂をチョイス。

で、広島産大粒カキフライ定食 1243円、鶏の竜田揚げ定食 968円 をオーダー。
味は普通…まずくもないし、めちゃくちゃおいしいわけでもない。
でも、テラス席は、ぽかぽか陽気で明るく 気持ちよかったのだ。",吾照里 Wing高輪店,https://tabelog.com/tokyo/A1314/A131403/13139929/
5,"愛ある休日…グリーンスプリングス前にある
菊松食堂さんへ奥様とお寄りいたしました！
先日お寄りしたアダムス・オーサムパイの1階。

今週もまたまた、TVドラマ『ハコヅメ』で、
こちらの…お隣の店が、合コンのシーンで使われて
おりまして…お向かいのグリスプはデート
シーンに使われており…来週あたりはもしかして
こちら…菊松食堂さんあたり使われたりして(ﾟ∀ﾟ)

こちらに奥様は、お嬢と何度か食べに来ている様子。
私は初めて。定食モードでしたので、こちらに
寄りました。お昼時で、満席であります。

テラス席に愛犬を連れて食べに来た人発見！
うちも、愛犬が生きているときにもう少しあちこち
連れて行きたかったな〜などと思ってると

向かい合わせの2人席が空いて店内に通されました。
待っている間、カツカレーやとんかつが他所の
テーブルに運ばれて行くのを見て
とんかつにするか迷いましたが…

久方ぶりに豚キムチ定食にしました。
奥様は、あまりお腹が空いていないとの事で
おにぎり1個定食を発注して待ちます。

こちらのとんかつは、武蔵村山の下田畜産さん
の厳選した豚肉を使用しているとあり…
次回そちらはまた是非いただきたいところ

2人で、野球の事や共用している頭皮マッサージャー
はすばらしいだ事の話をしていると…
来ましたよ〜！　注文の品々が！

続きは写真で…",富山×居酒屋 ヨイチャベ,https://tabelog.com/tokyo/A1303/A130301/13241630/
6,"#下北沢カレーフェスティバル 5軒目
#Lani
2018カレー427軒594食
■ 濃厚海老バターカレー
ハーフサイズご飯少なめ
Lani
- これはとても美味しかったです。バターカレーなのにしつこくなくて、海老風味が生きています。",大阪焼肉・ホルモン ふたご 渋谷道玄坂店,https://tabelog.com/tokyo/A1303/A130301/13160177/
7,"カフェの時間帯に来店。

お茶のつもりで来たが、お酒のメニューもあるので一杯目モヒート。
美味しいモヒートでした。
2杯目はコーヒー。

お店は午前11時半から翌朝8時までやっているみたいなので、昼飲みに良さそう！",博多串焼・野菜巻き串 三五八 新宿本店,https://tabelog.com/tokyo/A1304/A130401/13002220/
8,マンゴーケーキを注文。小さめケーキで美味しい。,てんぷら天寅 自由が丘店,https://tabelog.com/tokyo/A1317/A131703/13233682/
9,"新宿駅と新宿三丁目駅の間の居酒屋さんが沢山密集しているエリアにある「酔ってき屋」

店内に入ると、どの室も個室。今の時期、他のお客さんとの接触がなく安心ですね。
トイレから戻る時だけ、迷うので要注意。

まずお通し運ばれて来たのは、レンゲに乗った豆腐３種。
お肉、トマト、など味の変化があり手を汚さずに手軽に頂けます。

・お刺身盛り合わせ
マグロ、ぶり、サーモン、カツオ、鯛ののった5種盛りでした。
肉厚で大ぶりな1切れ。3、４人前くらいあります。
脂がのっていて美味しいです。

・焼き鳥盛り合わせ
タレ味６種。
タレに合ったお肉と野菜があります。

・焼き鳥盛り合わせ
塩味６種。
塩味に合ったお肉。
ゆず胡椒をたっぷりと持って来てくれました。

・たらこと、白子の炙り焼き
塩気が効いてお酒のつまみになります。

・タコの唐揚げ
香ばしく醤油とニンニクが効いているのかな、止まらなくなります。レモンでさっぱりとしても良いです。

・手羽先
3本入っています。甘だれ味、外側パリ、中プリッとしています。

お手頃な価格で量も入っているので、若者に人気のあるお店です。",炭火焼き鳥 完全個室居酒屋 はなび 上野店,https://tabelog.com/tokyo/A1311/A131101/13269053/
10,"無制限飲み放題 個室居酒屋 酔ってき屋 新宿店
03-6273-2188
東京都新宿区新宿3-35-9 永和商事ビル 1F
https://instagram.com/___yottekiya1221___?utm_medium=copy_link

新宿の東南口から徒歩数分に位置する個室居酒屋さん。
鍋が5種類あって、どれも魅力的。占い師のシウマさんが3月の待受は鍋が良いっていうので、しっかり写真撮らねば！

お通しはローストビーフでした。
長芋わさびは上にワサビが乗ってるのではなく和えてありました。さっぱりして旨っ。
マグロは予想以上に脂が乗ってました。
もも焼きは柚子胡椒で、下に敷いてあるキャベツが甘くて、これがまた良かった。
明太子玉子焼きは間に入っていると思ったら、明太子が間とトッピングでお目見え。出汁がよく効いた玉子焼きはほっとしますねー。
鍋は明太もつ鍋が映えそうだったけど、痛風鍋(白子、牡蠣、あん肝)とチゲで悩んでチゲ鍋にしました。辛さは控えめまいるどなので、辛いのが若干苦手な方でもイケそうな気がします。

本当はこの後クーポンで無料の肉寿司もらおうと思ってましたが、ここで満腹につきストップにしました。
まんぼう中の飲み放題がお得なクーポンを使えば良かったかな
またはハッピーアワーも１時間使えたようなので、利用するともっとお得にいただけたかも！

［食べた物］
・まぐろのお造り620円
・長芋わさび 480円
・地鶏もも一枚焼き 680円
・明太子玉子焼き 650円
・米沢豚のチゲ鍋 1280円✖️2

［飲んだ物］
・生ビール　580円
・ハイボール 480円
・トマトハイ480円
・出羽桜 1050円
・こだわり酒場のレモンサワー 480円


〈お店の雰囲気〉
セピア色かつ江戸時代を匂わせる雰囲気を作ってるようです。個室もあって安心できます。
BGMはJ POP。

〈お店行き方〉
東口または東南口からが近いです。
ドンキホーテのほぼ裏側、ビルの一階です。",韓国料理 ホンデポチャ 新大久保本店,https://tabelog.com/tokyo/A1304/A130404/13214733/
11,"『個室居酒屋 酔ってき屋』は、JR新宿駅東南口より徒歩34分の場所にお店を構える飲み放題がお得な居酒屋です。

平日の19時に予約して2人で訪れました。
店内は、1Fと2F合わせて70席ほどあり、広い造りになっています。基本的に客室は、個室または半個室なので、他のお客さんを気にせず食事をすることができます。

メニューは、食べ放題や時間無制限の飲み放題がセットになったコースが豊富に用意されています。ドリンクもアラカルトで注文可能ですが、圧倒的に飲み放題がお得です。

この日は、料理をアラカルト、ドリンクを2500円の時間無制限の飲み放題で注文しました。
注文した料理のラインナップは、
■ローストビーフ（お通し）
■タイのカルパッチョ
■本日の刺し盛り 大-タコ・マグロ・ブリ・タイ・サーモン・ネギトロ-（1480円）
■炭火焼６種盛り-ねぎま・豚タン・ハツ・砂肝・ササミ・カシラ-（880円）
■たこの唐揚げ（620円）
■特製チキン南蛮（800円）
■明太子もつ鍋（1480円）
刺身の盛り合わせ、炭火焼き串、明太子もつ鍋など魚介料理と肉料理合わせて7品堪能しました。

「明太子モツ鍋」は、ニラと明太子が豪快に投入されています。スープのベースは、西京味噌・麻辣・白湯・塩の４種類から選ぶことができます。モツの旨味と明太子の旨味が味わえる一品で美味しかったです。

「特製チキン南蛮」は、大山鶏のモモ肉をまるごと使用したボリュームのある一品。パリパリした食感もクセになり、訪れた際は注文必須の一品です。

喫煙もできて、飲み放題もリーズナブルなので機会があれば再訪したいです。",WA亭　池うえ,https://tabelog.com/tokyo/A1302/A130202/13142148/
12,"品川駅高輪口～プリンスホテル方面にある、ウィング高輪WESTにある、韓国料理の”オジョリ”さん♪
ディナータイムは何度かお邪魔してますが、平日ランチは初めてです！

１３時前、すぐにお席に案内してもらえました♪

☆韓流Aセット（選べるお食事＋選べるスープ＋ドリンク＋ランチサラダ＋韓国小皿３品付き）１３８０円
ランチにしては１０００円にはおさまりませんが、なかなか豪華なランチです！
・石焼明太ビビンパ…唐辛子マークが１つついてますが、そんなに辛くありません(^^)/食べやす～いお味のビビンパ♪
・ゲンコツ牛タンスープ…しっかり牛タン、大根が入ったスープ♪
どちらもハーフと言うようなサイズではなく、たっぷりサイズのお食事とスープ～前菜のミニサラダにおかず３種もあるので、お腹空いてるときや、たくさん食べたい時にも十分な量ですね♪

同じお値段で～
韓流Bセット…選べるメイン＋選べるスープ＋ライス
韓流Cセット…選べるお食事（ハーフサイズ）＋選べる麺
どちらも、サラダ＋小皿３品＋ドリンクつきなので、とってもボリューミーですね♪
ドリンクはジュース…グラスビール・マッコリだと＋１００円でつけられるのもいいですね♪

母が頼んだ…
☆和牛ローストビーフ丼　９８０円
＋３８０円で牛タンスープをつけました。
私が頼んだ韓流Aセットの牛タンスープと同じと思ったのですが、セットのスープにはトック（韓国のお餅）なし(-_-;)
＋３８０円のスープにはしっかりトックが入ってました！
基本しょうがないか～と思ってしまいますが、食べログ的にはこ～いう疑問は店員さんに聞かなければですね(-_-;)

また行きたいです(^^)/ごちそうさまでした(^^)/~~~",炎麻堂 神田店,https://tabelog.com/tokyo/A1310/A131002/13027785/
13,"散歩の途中で、ランチをやっているお店があまりなくてウロウロしていました。
駅前のプリンスならどこかやっているのかなと、思い、訪問。何店舗か、営業していてホッとしました。
入口を入って左に曲がったすぐ右。ランチのメニューが豊富なので夫と入店。
韓流プレミアムセット　1590円。ハラミのランチです。お肉は、たたきのような、まわりを焼いてあるお肉で上に甘いたれがかかっています。お肉は柔らかいです。勝手に焼肉が、出てくるのかと思っていたので、ちょっと残念。でもおいしかったですよ。スープとドリンクがセット。結構な大きさのスープです、卵スープにしましたが、マイルドでおいしかった。
ご飯もおいしい。ドリンクは、マンゴージュース。
韓流Cセット　1390円。冷麺とビビンパのセット。ボリュームがすごくてびっくり。盛岡冷麺にしたのですが、甘みがあるスープにもっちりした麺。おいしかった。
ビビンパは、ハーフのはずが、結構なボリューム。私は、これが一番好みでした。マイルドで混ぜるとそれぞれの味が、調和してとってもおいしかった。飲み物は、ショウガ茶。
それぞれにサラダ、前菜の漬物3種が付きます。
夫とシェアしていただきましたが、おなか一杯です。お店も落ち着いていて清潔です。店内は意外と広いです。",凛,https://tabelog.com/tokyo/A1324/A132402/13164810/
14,"品川水族館アクアパークに夜行ってきました！
夜10時までやってるからずっと一緒に過ごしたいカップルに良さそう。
夜のイルカショーがとっても良かった♪♪
今どきのプロジェクションマッピングとショーが融合されてて、音と光と水がイルカ達を引き立ててくれます♪♪
大人2200円、年パスが4200円だったかな。
2回行けば元取れちゃう。夜なのにショーはかなりの人で埋まってたわ。
近くに住んでたら年パス買って何度も見に行きたいな(^^)

ってここは焼肉のお店でした♪♪

サムギョプサルが食べたいって言われて水族館からめちゃ近いこちらへ21時訪問。。
サムギョプサルだけで3種類あって
厚切りサムギヨ、3枚豚サムギョ、コチュジャンサムギョ
1人前1480円の3枚豚サムギョプサルを2人前(2人前から注文承りとの事)
サンチュとかニンニクとか味噌も付いてのお値段でした。お肉は薄めだったから厚切りにすれば良かったかな。普通に美味しかったけど。

他はアルコールと白菜キムチと石焼き明太ビビンバ注文。

普通に普通に美味しかった♪♪
けど、テーブルが狭いのと白菜キムチがすっぺかった(>人<)",個室×日本酒 海鮮バル 魚蔵 日本橋店,https://tabelog.com/tokyo/A1302/A130202/13253298/
15,"富山県の食材や日本酒など
とにかく富山産にこだわるお店であり
店主ももちろん富山出身です。

まずはビールで乾杯。
「香るエール（640円）」
グラスの洗浄、機械のメンテがなされ
なるほど悪くない1杯目です。

お通しは「にしんとガリの和え物」
このポーションの少なさで420円は高杉晋作。
味が悪くないだけに残念に思えました。

お次は刺身盛り合わせ（2440円）
3人前でこの値段なので1人前約800円。
それでいてやってきたのは5種の切り身。
1切れ160円近くもする価格設定です。

中央に置かれたのは岩塩であり
すだちを絞って刺身を付けて頂きます。
これはまぁ、普通に美味しいレベル。

他方、生牡蠣（440円）は最高。
特大サイズの牡蠣であり
トップにはいくらも鎮座しています。

ググッと濃縮された海の旨味と
弾けるいくらの程よい塩気。
しかしこれは、圧倒的に素材の勝利。

他にも
・火ね鶏昆布焼き（780円）
・ホタルイカ沖漬け（580円）
・蟹クリームコロッケ（920円）
・エイヒレの炙り（720円）
・漬物盛り（880円）
・成功大徳利（1620円）
・銀盤大徳利（1650円）
などを注文し、お会計は3人で16590円。

うーん、これはちょっと高いですねぇ。
渋谷駅から徒歩数分という好立地ですが
その分、値段も高くなっているのかも。

食べログアプリからの予約であれば
飲み放題付きで5500円のコースもあるので
そちらの方が安牌かもしれません。",全品食べ飲み放題専門店 個室肉バル ミルザ 新宿店,https://tabelog.com/tokyo/A1304/A130401/13214469/
16,"渋谷駅の周辺で軽く一杯やり、もう1軒と井の頭線の渋谷駅界隈を歩いていてこの店をみつけた。
2階に上がって店に入る。
明るい感じで清潔感もある。

テーブル席に案内される。
活気もあって、お客さんは楽しそうに飲んでいる。
これは期待できる。

まずは生ビール。
店を探して少し歩いたから、冷えたビールが旨い！
メニューを見ると富山料理が多い。

お腹は空いていないが、せっかくなのでホタルイカともずく酢、そして昆布巻きかまぼごを注文した。
ホタルイカは風味も良く味も濃厚で美味しい。

ビールを飲み終えてレモンサワーにする。
ここで、席が混み合ってきて、カウンターに移動する。

もずく酢も旨い。
軽く一杯やる時にはもずく酢はピッタリだ。

そして昆布巻きかまぼこ。
これが旨い。
昆布の風味とかまぼこの味わいが良く合う。

レモンサワーをゆっくり飲みながら、美味しい料理を楽しむ。
桜海老や鱒などの富山名物のものもたくさんあるので、次回はゆっくり腰を据えて飲んでみよう。",俺のワイン酒場,https://tabelog.com/tokyo/A1308/A130801/13130610/
17,"富山弁って馴染みがないのですが、、、
これって富山の方言でしょうか。

よいちゃべ

 
『富山×居酒屋　ヨイチャベ』

ランチタイムは800円の昼定食で、
この中から2つ選ぶそうです。

・氷見ブリ刺身
・マグロの叩き（ネギトロ）
・ブリの黒味噌焼き
・甘海老のクリームコロッケ
・鶏皮ギョーザ
・キンピラメンチカツ
・唐揚げ蛍烏賊タルタル
・ホタルイカと菜の花のかき揚げ（＋200円）

「甘エビのクリームコロッケ」と「ホタルイカと菜の花のかき揚げ」も気になるけど、
富山の幸なら、ブリですかね。
氷見漁港のブリ刺は魅力的ですが、、
黒味噌焼きって、なんだ！


「鰤の黒味噌焼きと唐揚げ ホタル烏賊のタルタル」（800円）

ご飯と味噌汁に、小皿（ホタルイカと若芽の酢味噌）、
唐揚げにホタルイカ風味のタルタル。
そして、切り身に味噌をぬって焼いた、ブリの黒味噌焼き。

800円でこの内容でしたら、まあ良しとしますか^^;

いや、コスパ最高のライバルが徒歩数分以内にあるので、
がんばってください。
（肴とりさんとか米心さんとか）


もう少～しご飯を美味しく炊けたら良かったと思います。
水分を控えめにするだけでも違うものです。

ごちそうさまでした。",七輪焼肉 安安 高田馬場店,https://tabelog.com/tokyo/A1305/A130503/13036483/
18,"ふたご道玄坂店へ～♪

渋谷駅からはもう神泉駅の方が近いという道玄坂を登り切ったくらいです。


またもやチンチロリンハイボールチャレンジするものの、
結局1回しか半額にならず…

★タン三種盛り合わせ　1280円
いつも売り切れちゃうのですが、タン三種盛りありました！
これだけでお酒がめっちゃすすむ


★キムチ盛り合わせ　680円
2回も頼んでしまった。定番メニュー


★ふたご盛り合わせ　1380円
これも定番メニューですね。


★裏炙りユッケ　1280円
裏メニューで頼んでみました。
焼いたカルビに卵の黄身がのっています。
個人的に…もう少し生っぽさが欲しい


★ぶつ切り韓国風たこ　480円
きゅうりが大きめカットでたこと和えたもの


★半殺しキムチ　480円
高菜がかｒ買うなっているんです。
これもしょっぱ辛くてお酒がとまらん。


★ハラミ　780円
普通に美味しい！

これにお酒をたくさん頼んで、お会計は2名で12000円くらいでした！
やっぱり混んでいるので予約は必須です。",ラ・ベファーナ 吉祥寺,https://tabelog.com/tokyo/A1320/A132001/13005930/
19,"渋谷の道玄坂にある
ふたごさんに行きました^ - ^
友達が焼肉を食べたいと
言う事で行ってみました^ - ^
渋谷の駅から歩いて5分ぐらい
で着きます( ◠‿◠ )

店内に入り店内さんにテーブル席に
案内されました
お酒のビールを飲みました
冷たく美味しいです( ◠‿◠ )
おつまみにキムチとナムルの
盛り合わせも食べました
私は大好きな
カルビとハラミとロースの
お肉を食べました
ジューシーで美味しく柔らかい
お肉でした",個室×ビストロ Borghini 新橋店,https://tabelog.com/tokyo/A1301/A130103/13234671/
20,"渋谷に三店舗ある「ふたご」さん
調べてゆったり座れそうな渋谷道玄坂店にお邪魔しました。

ふたごは来店する度に来店ポイントが付き来店回数によってドリンクのサイズアップやヨーグルトドリンクのお土産などもらえます。

お肉は全部店員さんが焼いてくれて一番美味しい食べどきに提供してくれるので焼くのが苦手な方はおススメ。
焼き奉行の方は物足りないもかしれません。

今回は夜遅く伺ったので食べたかったはみ出るカルビが品切れでで残念でした。

【頼んだメニュー】
・半殺しキムチ
・ふたご盛り
・はらみ
・ふたごのポテトサラダ
・和牛の包めるカルビ
・特上厚切り塩タン
・旨辛ラーメン

半殺しキムチはすごく辛いのですがお肉と一緒に食べると辛ウマでお勧めです。",,
21,少し量が多かったかなと感じるくらいバラエティー豊かに出てくる。他の皆さんも書かれてる通り串焼きは食べた方が良い。丁寧に焼かれていて美味い。飲むのが好きな人には丁度良い。飲み放題のお酒も安いものでなく、しっかり作ってくれている味がした。(グラスの状態からビールはよく洗浄されてるのが分かった。また他の種類の酒も丁寧に分量を意識して作っている) 大通りには無いため、知る人ぞ知る感じが良い。また使いたいなと思わせるお店。,,
22,"10名の同窓会でお店を探していて、
個室の予約が可という
こちらのお店さんにお邪魔しました。

古民家を改造したお店の造りは、
１Fがカウンター席等のちょい飲み系、
2F、3Fがグループ向けテーブル席です。

「古民家」ですので、
ワンフロアを広くブチ抜いたような
テーブルレイアウトにはならず、
独立性が感じられる小区切りスペースが、
ちょこちょこある感じです。
結果、私達の席も、
密閉タイプの個室ではないものの、
隣席の他人が気になることもなく、
若干、はじゃがせていただくことが出来ました。

お料理は、飲み放題付きの
「三五八 名物コース」で、
「博多酢だれ　キャベツ」「特製 釜炊き肉豆腐」
「博多串焼・野菜巻き串 ５本盛り」博多炊き餃子」
などなどいただきました。

友人の間では、野菜巻串は、
まだまだ新鮮だったようで、
面白がってもらうことができました。
肉豆腐も、釜ごと出てきて、
取り分けるのも楽しかったですし、
炊き餃子も、ちょっと味濃いめながらユニークで、
最後の、〆のちゃんぽん麺も
仕上げ麺して、ぴったりだったようです。

団体宴会でしたので、
一品一品の評価は難しいのですが、
全体の構成や分量としては、
好評だったといえると思います。
また、古民家風という店内も、
面白がってもらえて、
幹事としてはよかったと胸をなでおろしました。

料理提供、お酒の提供については、
ピーク時？には、
遅れや順番の前後がありましたが、
スタッフの方の対応は丁寧でしたので、
これも、不満に達する程ではありません。

幹事としては、友人がどれだけ気持ちよく
会を楽しんでもらえるかという点が、
最も気がかりになると思いますが、
お店の雰囲気、お料理の構成、
スタッフさんの対応と、
どれも合格点で、大変助かりました。",,
23,"・東京ではちょっと珍しい博多串焼・野菜巻き串
・オシャレな店内
・飲み放題でドリンクメニューが充実
2019/02/11 更新",,
24,"初めて天丼セットをいただきました

いつも蕎麦なんだけど。

天丼うま！

たれがいいのかしらん

すっごくおいしかったです",,
25,"今回もビアテラスプランで利用しました。

いまの気温だとブランケットしてホッカイロ使っても寒いです。

外気温が心地よい時の利用をオススメします。

料理は前回と同じ内容で、味のほうもかわりなく美味しかったです。",,
26,"自由が丘駅北口すぐ前の天ぷら居酒屋 天寅を二か月ぶりに訪店。平日の開店すぐの11時半過ぎであったこともあり、すぐに席に通された。屋内席とテラス(？)席があるが、今日は真冬の寒さで屋内のハイカウンター席10席は半分ほどの入りだが、立地の便利さもあって、次から次とお客さんが入ってくる。
前回初めて訪店した時から気になっていたメニュー「鶏の親子天丼(800円(税込))」を注文した。
しばし待って、お盆に鶏の親子天丼、もやしとワカメの味噌汁、小鉢（前回同様ミニ冷奴）、香の物が供された。
さて、鶏の親子天丼だが、鶏天は鶏のムネ肉の天ぷらが二つ、煮玉子の天ぷらが丸々１個が半割で、これら親子以外に野菜天が三種（茄子、レンコン、シシトウ）に程よい味付けの天つゆがかかっている。鶏天はムネ肉なので、思ったよりあっさりして美味い。煮卵の天ぷらは初めて食べたが、トロリとした食感が天ぷらとしては新鮮で美味い。海鮮ものの天ぷらとはまた違った食べごたえがある。野菜天三種がアクセントになって、パクパクと完食してしまった。
今日からとっても美味しくいただきました。
利便性の高い立地で、メニューも豊富、味もボリュームも程よいので、時々利用したい店である。
ご馳走さまでした。",,
27,"不忍口から出て、アメ横方面へ進み、上野の飲み屋街が立ち並ぶ場所に見つけたお店。
日曜の午後はこの辺り、すごく賑わってました。

最近、個室居酒屋にハマっているのですが、こちらも店内は全卓完全個室。
席に１つ、ふかふかのクッションが置いてありました〜！！！
最高すぎますね。腰痛くならないから、長く座ってられてお酒も進みました笑

☑︎牛タンのカルパッチョ ¥880
☑︎縛り牛タン焼き（2個）¥1480
☑︎どて煮　¥800
☑︎手羽先（5個）¥780
☑︎ねぎ塩豆腐　¥480
☑︎鶏の軟骨揚げ　¥590
☑︎アボカドサーモンマヨ　¥880

牛タンメニューが充実してて、いろんな食べ方ができて楽しい。
オーダーの際に、山芋の一夜漬けを注文したら、お通しにも少し乗せてますと教えてくださったので、別のものを注文することが出来ました。
こういう一言が言える店員さん、私好きです！

全体的にお料理はボリューミーです。
コスパで言ったら、めちゃめちゃいい。

流行りの縛り牛タンは、それなりの値段しましたが、居酒屋でこの焼肉の流行りを味わえるのは、ワクワクしましたね♪",,
28,"友人とアメ横で買い物後、駅近のこちらの新店舗に来店。

久々の再会でもあり、積もる話もございましたので、完全個室で、広いお席に通していただけました。

タンのフェア？をやっているからか、お通しからガッツリとたんが出てきました。
お肉付きの私にはたまりません。
スライスした山芋も、胃に優しいです。

お酒は、大好きなハイボールを注文。
分量、炭酸ともに良く、とても飲みやすいです。

まずは酒肴からと、うずら玉子と、ねぎ塩豆腐を注文。
うずら玉子は、醤油やそのままでも美味しいですが、付け合わせのカラシを付けていただくと、玉子の甘さが締まって美味しいです。
あまりカラシを付けて提供していただけるお店が少ないので、goodです。

ねぎ塩豆腐は、自家製の豆腐なのか、ほろっととろけてクリーミーです。
上に乗ったシャキシャキの白ネギと、コリコリの塩昆布が合わさって、食感も楽しめます。

タンのメニューからは、どて煮を注文。
どろどろのスープの旨味が詰まったタンは、もつ煮とはまた違って最高に美味しいです。

さすが伝説の味。と言わんばかりの2品、焼き餃子(5個)と、手羽先(5個)を注文。
焼き餃子は、皮がもちもちで、具材のお肉はパンパンに詰められてます。そのおかげか、ジューシーな肉汁が溢れ出して、箸が止まりません。

手羽先は、皮がパリッとしていて、食感がとてもよく、一本食べたらもう一本と、腕が伸び続けて気がついたらすぐに食べ終えてしまいました。

〆にあさり酒蒸しを注文。
スープには、あさりの出汁がこれでもかと凝縮されていて、身体に染みます。

店員さんも元気で対応良く、駅近でコスパも良く、ここまで美味しい料理とお酒が飲めるのであれば、近々絶対に人気繁盛店になると思います。

ご馳走様でした。",,
29,"今日は上野公園、上野動物園へ！！
蔓延防止が解除された土曜日ということもあり人がすごい！！

少し早めに切り上げて飲みに行く事に！
15時頃だったので空いているかなと思ったのですがどこも人だらけ…
ゆっくりできる個室のお店を探していたところこちらのお店を発見！

空席があり個室で入る事が出来ました。
まずはお決まりのレモンサワー（450円）で乾杯！
680円で一杯飲むごとにグラスが大きくなる出世レモンサワーもあり悩みましたが今回は食事メインにする事に！


頼んだメニュー
【タン刺し980円】
さっぱりとしていて食感は限りなく生に近い
ねぎと柚子胡椒の相性バッグ！！
これはいくらでも食べれてしまいそう！

【タンのねぎあえ】
細く切られたタンとねぎ、きゅうりであえてありサッパリした味付け！
タンときゅうりが入っているので食感も楽しめる一品！

【どて煮800円】
あまりお肉が入っていない事が多いのですがこちらのお店は牛タンがたくさん入っていました！しっかりと煮込まれていて柔らかく味が染みていて美味しかった！

【焼き餃子5個580円】
そとはカリッと中は肉汁たっぷり！
鉄板で出てくるので熱々！溢れる肉汁の火傷に注意です笑

【手羽先780円】
このお値段でこのボリューム！
食べ切れるか心配でしたがサクサクな衣とジューシーなお肉！レモンサワーと相性抜群！お酒も進みペロリと食べてしまいました笑

【うずら玉子480円】
居酒屋に行くとついつい頼みたくなってしまうメニュー！しっかりと中まで味が染みていて美味しかった！

【ねぎ塩豆富480円】
ねぎと塩ダレが豆腐によく合い家でも真似したくなる美味しさ！！

【あさり酒蒸し680円】
身が大きくあさりの旨味が濃厚！！
軽くつまみがほしいがポテトじゃ重い。
そんな時にオススメです！

店員さんの接客も気持ちよく上野で個室のお店を探している方にはおすすめのお店！！

また機会があれば利用したいと思います！
ごちそうさまでした！！",,
30,"噂のエビチーズフォンデュが食べられる「ホンデポチャ」は、イケメン通りの1本隣、「でりかおんどる」がある通りです。
公園の目の前なのですぐ分かります。

予約必須の店と書いてあったので、12時に予約して行ったのですが、先客は1組のみ。

◆エビチーズフォンデュ（￥2480）
たこ焼きプレートに数種のチーズ、エビ、さらにシュレッドチーズがかかっていて、スタッフさんがバーナーで表面に焼き目を付けてくれます。
これが香ばしくて食欲をそそるんです！

エビ好きにはたまらないビジュアル！！
大きくてぷりぷりとしたエビがたっぷり！（￥500で5尾追加可能）

カセットコンロの火で下のチーズが溶けたら、いただきまーす！
エビとチーズだけの純粋な味なので、辛いのが苦手な人でも食べられます。

そのままでも十分美味しいですが、甘辛いソースを付けて味変しても。パンや野菜スティックも付いてくるので、チーズを余すことなく食べられます。

パンチャンはたくあん、オイキムチ、海苔、大根甘酢漬け。娘は海苔以外食べないので、全部私の酒のつまみになります(笑)
大根は美味しいのにいつも食べきれないから、次こそはタッパー持参だ！

エビチーズフォンデュだけでは寂しいので、新メニューの中からチキンをオーダー。
◆サワークリームオニオンチキン（￥1280）
チキンを食べる時は、手が汚れないようになるべく骨なしを頼むようにしています。
衣はサクサク、ソースはさっぱりしていて、これは美味しい！
生玉ねぎも全く辛みがなくて食べやすかったです。",,
31,"チーズを味わうエンターテイメント♪
チーズタッカルビと韓国焼酎（チャミスル）＆マッコリ！

【過去訪問の振り返りです】

韓国料理を味わいたく、韓国の聖地新大久保へ。
学生時代サムギョプサルを味わったことがあったので、今回はチーズタッカルビを求め「ホンデポチャ 新大久保本店」へ♪

当日お店へ向かうとかなりの行列が出来ていましたが、事前に予約していたのですんなり入れました。
（訪問が決まっていたら事前の予約をオススメします）

店内入ると韓国系アイドル？の映像がテレビで流れており、若者が活気溢れる雰囲気でお酒と韓国料理を楽しんでいました。

今回注文したメニューは

チーズタッカルビ
ヤンニョムチキン
キムチチゲ
キムチの盛り合わせ
ドリンク（チャミスル＆マッコリ）
その他ビールも

となります！

オススメは勿論チーズタッカルビとヤンニョムチキンです♪

チーズタッカルビはまさにインスタ映えの見た目。
チーズがかなり伸びるので食べる時も一種のエンターテイメントです。
お味の方も安定の美味しさ、韓国料理を味わえる良い雰囲気です！
ヤンニョムチキンも安定した美味しさです♪

チャミスルもマッコリも安定の韓国を味わえるメニューなので、韓国を味わいたい際にはオススメかと思います。

【店名】韓国料理 ホンデポチャ 新大久保本店
【住所】東京都新宿区百人町1-3-1 東方ビル 1F
【営業】ディナー　15：00～24：00（L.O.23：00）
【定休】無休

料理の美味しさは勿論ですが、エンターテイメント的要素もやっぱり重要だなと感じました！
是非、友人と韓国を味わいたい際はいかがでしょうか。",,
32,"新大久保の一角にある人気店『ホンデポチャ』さんへ、お初。
感染者が最多を更新する中、大繁盛。
人気のある韓国料理屋は凄いなぁ、ほんと。

メニューを開く。
おお、メチャクチャメニューがある。
サムギョプサル、チーズフォンデュ、タッカンジョン、チーズボール、
ヤンニョムチキン、フライドチキン、プルコギからホルモンやイイダコ炒め、
チャプチェ、キンパッ、トッポギ、ポテトフライ、サムゲタン、豆腐チゲ、ビビンバ、
余り韓国料理好きじゃないが、ここまで色々あると、流石に食べたいものがあって、
大人数で来ても満足できるな、こりゃ。新大久保のファミレスか。

キンパも色んな味から選べていいね、醤油チキン味、無難にウマシｗ
醤油ニンニクチキンも食べやすい、私甘辛のタレがあまり好きじゃないから、
分かりやすいこういうのがいい。
なので、『辛ピリ豚炒め』失敗。ピリ辛だからさっぱりしてると思ったが、甘辛。

『チーズマグマキムチチャーハン』もウマシだけど、
エビチーズフォンデュやら、『チーズステッィク』やら、
かなりチーズメニューを頼んだので、胃もたれが。。。",,
33,"このところ続けてきた「WA亭 池うえ」の深掘りも、いよいよ今回でひと区切り
深掘りのフィナーレを飾るのは「陸丼(1300円)」です
注文後、ほどなくやってきた「陸丼」は、こちらのランチのツートップの一角だけあって、見た目華やかにして味も良し
海から始まったこの深掘り行脚も、最後は陸に上がって締めくくり
もはや思い残すことないほど深掘りができたけれど、明日以降、お店の女の子は、自分目当てで通い詰めていたあのエロオヤジ、急に来なくなったなぁと思うかもね(笑)

(7点／10点満点)

https://ameblo.jp/captainsolo/entry-12615709367.html",,
34,"三越前駅からすぐ。ランチタイムも食べログから予約できるので事前に決まっているなら予約が安心です。

食べたのは海丼。画像のようにお刺身がはみ出るほどに乗っていて1500円。安い。ローストビーフがたっぷり乗った山丼も食べてみたい。",,
35,"ランチの時間があまりなくて、急いで入ったお店でした。
それが当たりで、そういうのってなんか嬉しいですよね！

時間がなかったので頼んだのは漬け丼でした。
ちょうどカウンターに座っていたのでキッチンが良く見えたのですが
から揚げとか生姜焼きとかお肉系の注文が多かったですね。

すぐに漬け丼が来ました。
これが魚がすごく新鮮で美味しかったです。
魚もしっかりと種類も入っているし、漬け具合もちょうど良かったです。
あっという間に食べちゃいました。

他にも海鮮丼もあったんですがこれはちょっと高かったです。
でも、これもきっと美味しいんだろうなぁと思いましたね。

別の機会にそういったものも食べてみたいし、夜も来てみたいなぁと思いました。
お店の方の丁寧で対応も良く、大満足のランチでした。",,
36,"赤坂店にも何回か行ったことがありますが、最近は主に神田店に行っています。
どちらもあまり広くないので予約しておいた方が無難です。

今までいただいたことがあるのは・・・

ズワイガニのスパイシーサラダ
春巻
棒々鶏
サラダ春巻
麻婆豆腐
海の幸のXO醤炒め
プリプリの海老団子
黒酢を使った酢豚
担々麺
野菜たっぷり湯麺

などなどです。看板商品だけあって麻婆豆腐と坦々麺はとてもおいしいです。
そのほかのものもずば抜けて素晴らしいというわけではありませんが
外れることなく安定したおいしさです。

毎回間違いではないかと思うほどのお安さと、品数の多さとおいしさで
気軽に使えるお店として重宝しています。
サービスもマニュアル通りではなく好感が持てます。",,
37,"▶グルメブログてんてこまいのてんこちゃんも見てね

▶Instagram東京おひとり様グルメも運営してます。


口コミ投稿は初めてだけど、訪問回数としては４～５回目くらいです。

毎回食べ終わるたびに「次は麻婆豆腐じゃないやつにしよ！」と思うのですが、
やっぱり麻婆豆腐を注文してしまう。

辛さ１～５が選べます。今日も今日とて４辛でお願いしました。
※5からだけプラス料金

表題、「3秒」と表記したのはさすがに盛りました反省してます。
実際は1分くらいで到着しました。
それでも圧倒的な提供スピード。

麻婆豆腐は赤というより黒
丼に入ったご飯
卵わかめスープ
ザーサイ

甜面醤・豆板醤・醤油がベースに味付された正統派麻婆豆腐。
4辛にしたので、ホァジャオが結構入ってます。痺れが美味い。

学生時代、中華料理屋のアルバイターだったのだが、まかないで食べた痺れる麻婆豆腐のうまさに気づき、死ぬほど食べてました。
結果、舌が痺れバカになったので、本日も卓上にあるホァジャオミルでがりがり。

めちゃうまです。

ご飯にのっけて丼にしたり、単品で食べたり、ザーサイをオンザライスしたりと色んな楽しみ方を実践しました。

ご飯スープはお替り自由！
ありがたい。お言葉に甘えまくって1回ずつおかわりしました。

幸せな満腹感到来。完食。
ご馳走様でした。",,
38,"神田駅北口から歩いて1、2分ほど、大通りから少し横道に入ったところにある炎麻堂さん。
神田以外にも、赤坂、三軒茶屋にお店があります♪
平日17時前の訪問で、先客は1組4名、後客はなし。
（緊急事態宣言中は中休みはなく通し営業をされていました(^^)/）

クラゲの甘酢ラー油和え
食感の良いたっぷりのクラゲと刻んだきゅうりを自家製の
ラー油だれで和えており、食欲が増進する一品です。
ラー油だれが美味しいですね！

さくさく餃子
マツコ・デラックスが絶賛していた餃子とのこと。
餃子は少し小さめです。
中に蓮根が入っているのがポイントで、その食感がサクサクですね～♪
味わいは普通です。

海鮮餃子
海老、帆立、あさりの海鮮にクコの実を合わせた餃子。
海鮮の風味が良く、海鮮汁がたっぷり出てきます(^^)
こちらの餃子の方が好みですね～

黒酢の酢豚
味わいは良かったですが、揚げた豚の衣が少し厚めで、
トータルとして美味しく感じられなかったのが残念。

麻婆豆腐（2カラ 標準な辛さ）
マイルドから激辛まで5段階の辛さから選べるので、
辛さが苦手な方でもＯＫです！
味の旨味がしっかりとあり、辛さも後からやってきます。
２カラは日本人向けの辛さですね(^^)/

店名が炎麻堂でしたので、辛い料理が多いのかと思っていましたが、
辛いメニューは多くはなく、自分の好みの辛さが選べるお店でした♪",,
39,"懐寂しいリーマンゆえ　できれば安くて旨い店が好きである。
駅から遠くても頑張って歩くから問題ないw
高くて美味しいお店はその道のプロやグルメ雑誌、TVに任せりゃいい…
自分の支払える範囲でできるだけ満足できる外食を目指し日々を過ごす。

時にはせんべろ、時には奮発して諭吉　内容は様々なれどそのお店の雰囲気、客層、お味、値段、居心地が合えば（調和）満足である。

こちらのお店ちょい飲みするにはリーマンの自分的にやや高め。
されど、お料理内容、居心地、接客、全てにおいて大好きなお店です。

昼食を済ませてしまったある日の午後…
店の前を通るときなり色の暖簾が風に吹かれ優しく揺れている。
コロナ禍になって随分訪問出来ておらず入店してみようかと思案するも昼は確か定食オンリーだったことを思い出し満腹中枢の脳と意見交換。

一旦、通り過ぎるも踵を返し扉をひいた。
入り口で厨房の○○君と目が合った。
自分「定食onlyだったよね？」
自分「お昼食べちゃったので軽く飲むのはダメかな？」
○○君「肴は限られちゃうけど大丈夫ですよ！」
自分「ごめんね！ありがとう」

先客は皆さん3種ほどある定食から選びランチ中！
自分は芋焼酎ロックを頼み　定食でも使用されるであろう天ぷらを適当に揚げてと頼んだ。
何だか本当にいい大人がワガママ言って申し訳ない限りである。

江戸切子の清々しいグラスに注がれた芋焼酎をちびちび…うめっ
お通しのきんぴらが沁みる～～
揚げたて天ぷらには大好きな鱧天も…美味い！！！

夜メニューを眺めてたらよだれが…(;^_^A
また、近いうち訪れたいな！

おわり",,
40,"R2.3 初訪問

前からブックマークしていたお店で、何回かフラれたりしてました。
予約して訪問。
北千住のなかでは寂れた方角にあります。
とはいえ和食や近隣にはマタドールや是家、とめだてがあり、優秀な店が多いエリア。
コチラもそのなかのひとつ。

おまかせコースが楽そうですが、この日はアラカルトで。
刺し盛り、唐墨大根、蒸し牡蠣、柔らかアワビとアスパラのバター醤油をオーダー。
レギュラーメニューもありますが、なんといっても日替わりが豊富です。

刺し盛り
サヨリやほうぼう、〆鯖に鯛、蛸、鮪中トロ。
どれも良かったですが、圧倒的に鮪が旨い。
味が濃く、熟成感もほどよい。

唐墨
すごいしっとりした仕上がり。
歯に詰まる感じが良いよね(笑)。
コチラの特徴としては大根が棒状。食感がいい。

蒸し牡蠣
めっちゃ大きくて旨い。
縮んでない。

柔らかアワビとアスパラのバター醤油
むちゃくちゃ美味しい。
てか不味いわけない組み合わせなんだけど。

いやぁ、すげーいいお店。気に入ったわぁ。
店主の距離感も良いし、提供も早い
客層もいいし、店内の雰囲気も静か過ぎない、うるさすぎない。

ご飯も日本酒も追加だーっ

春菊のバルサミコ和え
ど好み。
家でもやろう。

筍の天ぷら
これはまぁまぁ。
もっと衣薄くていいなぁ。

おすすめ握り5種盛り
やっぱり鮪がめちゃくちゃ旨い。

めちゃくちゃ良い店じゃん。
日本酒の多くが辛口なのはこだわりなのかな？

ウニのパスタとかもあったり、まだまだ楽しみきれないお店。
また絶対来ます！！",,
41,"北千住では珍しいミシュランガイドビブグルマンに選出されているお店です。選出後はなかなかふらっとうかがうのが困難になったこともあって、実に3年ぶりぐらいの訪店だったかしら。事前予約しての知人との会食利用です。

北千住駅東口から徒歩5分強とあって、立地的にはやや隠れ家感がただよいます。特にもし西口側からお越しの場合は開かずの大踏切に一体何分足止めをくらうことか…
もしくはいっそ牛田駅からってのもありなんじゃないかな。風情ある下町を眺めながらのんびりと向かうのも良さげですよ。

さてさて、相変わらず雰囲気の良い当店。スタッフさんも皆さんこなれた立ち振る舞いで、千住界隈の中では一段違う接客を味わえますです。
この日は一人当たり税抜4000円のお店お任せコースを発注。この子がまたけっこう品数もボリュームもある故、正直少食の方なら十分に堪能できるんじゃないかと。(当方も同行者の食べきれない分を全部かっさらってそれなりに満足)

ドリンクはプレモルのマスターズドリーム[700円]にてスタート。早々に飲み干して生カボスハイ[550円]のお次は日本酒に移行。山形は上喜元[850円]と大阪は秋鹿[950円]をそれぞれ冷酒で頂戴します。
日本酒及び焼酎のラインナップは奇をてらわないながらも、しっかり美味しく小粋な銘柄を取り揃え。錫タンブラーで差し出されるチェイサーもニクいです。

◇前菜盛り合わせ

豚の冷しゃぶ、青菜のお浸し、出汁漬け？トマト、こんにゃく煮、枝豆塩茹で

色目にも美ししいちんまり盛り。どのお品もお出汁のお上品さが心地良く。トマトや青菜の品質の良さにもこだわりが感じられます。

◇お造り盛り合わせ

カンパチ、ホウボウ、ヒラメ、本マグロ、ホタテ、アオリイカの6点盛り。
どのネタも程良い熟成具合で、ねっとりした旨味がたまりません。細かく包丁が入れられたアオリイカの舌触りの良さも特筆物。店主さんの仕事の丁寧ぶりがうかがえます。

◇鱧のお椀

鱧と鱧子を椀物仕立てに。品のある調味で何とも滋味深し。ふっくらとした鱧の身質も上々なりけり。

◇鰆の幽庵焼き

幽庵地に漬け込むことでしっとり×ジューシーが両立した鰆。脇を固める花れんこんの酢漬けに焼きベビーコーンのいぶし銀的働きも忘れてはなりません。殊にベビーコーンはほぼ無塩で食せるほど、単体の本来の味わい深さに驚かされました。(冗談抜きでいっそ皮まで食べられそうな勢いです。

◇鱚と鱧の天ぷら 明日葉と新生姜のかき揚げ

鱚も鱧も火入れ良好。それぞれの口当たりの良さが最大限に楽しめる揚げ口です。かき揚げもただ独創性があるだけでなく、明日葉のサクサク食感と新生姜の清涼感がマッチして新しい美味しさを奏でます。惜しむらくは気持ち油切れが悪かった点だけでしょうか。

◇メヒカリの焼き物

干物ならではの凝縮された旨味成分に日本酒が止まりません。シンプルに美味。

◇殻付き生牡蠣

何とも立派なサイズの生牡蠣。牡蠣そのものの塩味にレモンを絞って食す至福。
コースのラスト近くに生牡蠣が組み込まれる構成もユニークですね。でもこれだけ濃厚な牡蠣なら納得やも。

◇煮穴子と大根の炊き合わせ

ふんわり炊き上げて焦げ目を付けた穴子さんに白だしテイストの大根をドッキング。キリッとしたお出汁に穴子の煮詰めの甘味が溶け込んで実に玄妙な仕上がりに。

◇もずく雑炊

もずく由来の磯々感に生姜の風味が塩梅良く、非常にさっぱりいただける〆になります。敢えて言うなら何故か当品だけは(私の好みよりは)ほんの少し塩分が強めだったかしら。

最後は温かなお茶でほっこり。お値段以上のクオリティに終始関心しきりの二時間強の宴でしたとさ。
後は実際に欲すか否かは置いておいて、ちょっとした甘味でも付属すれば、より一層完璧だったかも。とはいえ以前アラカルト利用した時より満足度も高かったような気もいたしまして。
ちなみに当店では握り寿司のレベルも高い故、コースにプラスして数貫握っていただくのもまたおすすめですよ。

慣れ親しんだ千住の街でのたまの贅沢も良いものですね。",,
42,"日本橋にある個室x日本酒　海鮮バル魚蔵（うおくら）へ行ってきましたぁ。
 
お店の場所は東京駅と日本橋の間にあってビルが立ち並ぶ一本角を曲がった路地裏にあります。
 
店構えは1軒家風の建物で2階が個室になるみたい。
今回は1階席へ通して貰いました。
 
入口で検温に手指の消毒をしてから入店デス
 
この日は和牛の炙り刺しや天ぷらなどがついた7品
飲み放題4000円のコースをチョイス
 
通常の飲み放題はサワー系やカクテル系が多くて
生ビールと日本酒がついてなかったのでプラス800円にランクアップしましたぁ。
 
それでもこの立地の良さで4800円とは破格！！！
 
◆生ビール
プレミアムモルツ
タッチパネル式なので今の時代にはピッタリ
 
◆先付け　おばんざい2種
海老マヨはプリプリで少しエスニックの味がしてほんのり温かい
蒸し鶏のバンバンジーはキュウリとのバランスも良し
 
◆サラダジャコと大根のパリパリサラダ
コース料理と言えば大皿で出てきて各自で取り分け～。
でもこんな時期なので全てのお料理は取り分けて出てくるのがありがたいかもぉ。 
 
◆お刺身3種盛り合わせ
マグロ・ブリ・サーモン肉厚で食べ応えがある～。
海鮮バルなだけに産地にこだわっているようでマグロはインドマグロでサーモンはタスマニア産って言ってました。
サーモン好きとしては脂が乗って本当に美味しかったデス 

日本酒にチェンジ～。
お刺身には良く合う
魅力的な日本酒が揃ってました。
 
◆国産和牛の炙り刺し
モモなので肉ニクしい食感～。海鮮バルなのに和牛ユッケが食べられるのが嬉しい 

◆本日の天ぷら盛り合わせ
その日によって内容は違うみたいだけどこの日は大葉・人参・レンコン・サーモンやパプリカに長芋の6種類
カリっと揚げたてでお塩が良く合う

お替りプリーズなドリンク♪
お連れサマはハイボール
ワタシはビールにチェンジ
 
◆海鮮漁師飯
マグロ・サーモン・ブリ・そしてネギトロが乗っていて具が大きいです。
ご飯の量も小ぶりでこれぐらいの量が調度良い。
  
◆デザート
抹茶とバニラが選べたのでそれぞれにしました。 

気づいたら1階は満席で忙しそうだったけどお店の方もフレンドリー
飲み放題のドリンクはタッチパネルでオーダーなのでストレスフリーでした。
 
そして客層は東京駅界隈にお勤めしているサラリーマンの方が多く
酔っ払って大声で談笑する人もおらず何組かはマスクをしながら会食をしていたので
意識高い系の方が集まるエリアなのかなと。

他にもアラカルトメニューやランチタイムも営業しているみたいなので気になる所
 
2時間程で退散
サクっと飲んで楽しい夜でした。(*^^*)",,
43,"魚蔵 日本橋店は東京都中央区のJR東京駅八重洲北口から歩いたところにある。

2021年1月26日(火)に魚蔵 日本橋店を訪れた。
2020年12月にオープンしたばかりである。
お店に入るとアルコール消毒と検温をした。
お店の造りは1階にテーブル席、2階に個室がある。
客層は老若男女幅広い。
お店に入ると2階の個室に通された。
店内では洋楽が流れていた。

最初の一杯はジンジャーハイボールにした。
最初の一皿は長芋のワサビ漬けにした。
シャキシャキとしてさっぱりとしていて山葵の清涼な辛味が良い。

刺身の五点盛りはカンパチ、ホタテ、インドマグロ、真鯛、タスマニア産のサーモンであった。
刺身はどれも厚く切られていて身はねっとりとしてしっとりとした食感である。
カンパチとサーモンは脂がのって、他の刺身の味わいと風味も良い。

プリプリ海老マヨは、その名の通り海老がプリプリとして弾力があり、マヨネーズの旨味とスパイシーな味つけも後を引く。

マグロホホ肉と長芋のコリアン炒めは、マグロホホ肉がやわらかく旨味と味わいがあり、ピリッとした辛さとともに塩梅も良い。
長芋、ネギ、パプリカなどの野菜はシャキシャキしている。

スペアリブの香味揚げは、拳ぐらいの大きさがあり、添えられている紫芋のポテトサラダは彩りを加えている。
衣がザクザクとして香ばしくスパイシーで、お肉は脂身がつき旨味がたっぷりで特に骨の周りのお肉に味わいがある。

馬刺しは赤身とたてがみであった。
赤身は醤油、たてがみは胡麻油と塩で食した。
赤身はしっとりとしていて身が引き締まっていて味わいがあり、たてがみはねっとりとして旨味がある。

長芋のワサビ漬けは税抜520円、刺身の五点盛りは税抜1680円、プリプリ海老マヨは税抜980円、マグロホホ肉と長芋のコリアン炒めは税抜750円、スペアリブの香味揚げは税抜880円、熊本馬刺しの赤身は税抜1100円、熊本馬刺しのたてがみは税抜1550円、ジンジャーハイボールは税抜490円であった。

大変に美味し。",,
44,"今日は弟と日本橋でお買い物のあとにディナーです。お魚が食べたい日ですね。
こちらのお店は高島屋からすぐで、あいにく雨でしたが、あまり濡れずにお店へ行けて助かりました。
17時にお店に入りましたがやはり皆さん早めのディナータイム。
息子もいましたが快く入店できました。

入店すると熱をチェック!そして傘の袋まで用意してあり、気がきくわ〜!
オーダーはタッチパネル式で送信完了後もピコーンと音がするので安心。
このコロナ御時世、写真もわかりやすいし、オーダーしたいときにすぐできるのはいいですね。


ひとまず、烏龍茶とビールで乾杯。
最初はお通しに出てきた、サーモンの南蛮漬け。
これが美味しくてびっくり。
酢の物が苦手な私がパクパクと完食。


☆本日のお刺身3点盛り
本日はタズマニア産サーモン、ブリ、インド洋マグロ。サーモンはとても脂がのっているわりにさっぱりとしていた味わいでした。


☆エイヒレ
とりあえず大好きなエイヒレをつまみながら〜


☆生ハムクリームサラダ
クリームチーズが生ハムに巻かれて並べてありまして、きれいなビジュアル。
野菜と一緒にいただきます。


☆バゲットのとろーりチーズ焼き
厚めのバゲットの上にはトロトロカリカリのチーズが!魚だけじゃなくこういう創作料理あるのがいいですね〜息子がパクパク食べていました。


☆熊本馬刺しの赤身
生のにんにくのスライスや、ショウガなどが添えてあり、生の玉ねぎをクルクルしていただきます。


☆スペアリブの香味揚げ
とても大きくてびっくり〜!ガッツリスタミナつきそうなスペアリブの唐揚げですが、これがめちゃ美味しかった、スパイスきいてるのに少し甘めの感じもしてパクパクいけるのです〜!


☆マグロ頬肉と長芋のコリアン炒め
貴重な頬肉は一口噛むと口の中でじゅわ〜っと広がり、パプリカや長芋、ネギなどの野菜もコリアン甘辛ソースに絡めてあり、お酒が進みますね〜!


今回頂いたのは以上。
〆食べたかったけど、先程のスペアリブでお腹いっぱいに(；´∀｀)
ゆったりとおしゃべりを楽しみながらいただけて楽しい時間が過ごせました〜
日本橋のお買い物あとにおすすめです!",,
45,"新宿歌舞伎町には怪しげなお店もかなり多く、肉バルというお店だけでも相当あります。

そんな中、こちらの評判が良さげだったので、来店して見ました。

新宿のど真ん中にあるのにかかわらず、店内は結構落ち着いた感じでした。

注文したのはチーズフォンデュの飲放題付きコース。
抜群のコスパです。

豊富な具材で満足。チーズフォンデュは自家製みたいで、とても濃厚。

デートとかで使えそうな、女子受けしそうな店内でした。",,
46,"2時間飲み放題付「チーズフォンデュ10種+87品食べ飲み放題」を予約して行きました。
隠れ家的にあるお店で、広さも店員さんを呼びやすい丁度良い広さ。
飲み放題で飲み物がすぐに来るのは、それだけで安心できて高評価♪
しかし、食べ放題のシステムをしっかり予習して行かないと、食べ放題が出来ず終わります。
最初の５品の量が多いのもありますが、何が食べ放題なのかとかきちんとは教えてもらえません。
１度目は学習、次に行ったら食べ放題を楽しもう！",,
47,目の前でカットしてくれる美味しいお肉！会社の宴会で30人で来店しました。料理はどれを食べても美味しく、店の雰囲気もオシャレ。店員さんは皆さん外国の方ですが、またそれが雰囲気があって素敵です。（ラテン系のイケメンで感じが良く、日本語OK）大きなお肉を目の前でカットしてくれる瞬間にはみんなテンションが上がりました！目の前で切ってくれたのは各テーブル初めの1回づつ（大体2テーブル8人で1つの串）おかわりをお願いすると、次からは厨房で切って持ってきてくれます。なのですが「なんだ。1回だけなの？」と思わずに、このお値段で3時間飲み放題、食べ放題お肉も料理もおいしいのでこれで文句を言ったら罰が当たると思います。ただ、他のロコミを見た時に「コースの料理が出てこなかった」等の書き込みも見たので、予約の時だけでなく、来店時にもしっかりコース内容と値段は確認したほうがいいと思います。今回はそうしました。すると、30人で行ったにもかかわらず飲み物も料理もスムーズに出てきて何の問題もありませんでした。,,
48,"オシャレな家具が並ぶ上品な店内では、国産牛の牛挽肉と北海道産の銘柄豚、夢の大地豚の豚挽肉を使用したハンバーグが味わえます♪

赤坂見附駅から徒歩20秒。そこに地下への入口が有ります。地下一階に46席。一部仕切りが有るので個室空間も作ることのできる店内は、山本のハンバーグの中で最も広いお店です。お昼は近隣のビジネスマン＆OLさんでいっぱい♪

メニュー数は他の山本のハンバーグの半分程で、忙しいビジネスパーソンの為に美味しい手作りハンバーグをスピーディーに提供できる様にしているそうです。

この店の最大の特徴は、ディナーは「俺のワイン酒場」というお店にその姿を変えるという点です！

昼間のメニューとは全く違ったメニューとサービスを提供していて、明るく元気なスタッフと50種類以上のワインとイタリアンで腕を磨いたイケメンシェフの作る料理、

店長さんのサービスがとても居心地が良かったです。店長さんに会いにまた行きたいです♪

TikTok
インスタグラム
@nanayakko
https://www.instagram.com/nanayakko/?hl=ja",,
49,"この日はコースを予約。
初めて行く店なので少し早めに到着するように出る。

赤坂見附駅から徒歩1分。
外堀通り沿いにある店が「俺のワイン酒場」だ。

早速入ろう・・・と思ったが、看板に書いてある店名は「山本のハンバーグ」。
あれ・・・店名が違う？

そう、看板には「山本のハンバーグ」と書いてある。
しかし今日行く店は「俺のワイン酒場」。
でも住所はここで合っている・・・

むむ・・・どういうことだ・・・？

と思っていたら、どうやら昼は「山本のハンバーグ」。
そして夜は「俺のワイン酒場」と、時間帯で店が変わるようだ。
なるほど！そうと分かれば安心だ。
早速店内に入ろう！

■■コスパ抜群のコース&接客もすごく良い！

店は地下一階。
階段を降りて店内へ。

店内はカジュアルな感じで意外と広い。
全体で4〜50席ほどありそう。

今回は食べログにて「《コスパNo.1/２.5H飲み放題付き!》馬刺しと名物のハンバーグ/生ポテトフライを堪能！」という飲み放題のプラン！
値段は1人5000円だ。

■生ビール

てことでまずはやはりビール！
飲み放題なので気兼ねなく飲めるぞ。

■豪華前菜５種盛り合わせ

まずは燻製ポテトサラダ、阿波鷄のレバー、ペーストモルタデッラ、季節のスープ、揚げパスタという5種類の前菜。
全部おいしい！中でもスープは海老のビスクスープでめちゃくちゃ美味しい！
これだけで酒何杯かいけそう。

■ハイボール

てことで酒もどんどん飲むぞ。
ハイボールは太りにくいので飲み放題では必須アイテムだ。

■やみつきジャンキーサラダ

「やみつき」と文字が入っているだけでなんだか美味しそうに感じてしまうのは不可避！
ドレッシングも甘めで美味しく、確かにやみつきになりそうだ。

■ハンバーグ屋さんのメンチカツと鶏のガーリック２種盛り

揚げ物は酒のつまみに最適だが、これも例に漏れずその通り。
メンチカツはもちろんガーリック風味の唐揚げはついつい手が伸びてしまう一品。
それにしても「ハンバーグ屋さんの」ってキラーワードだよなぁ。

■生ポテトフライ

続いて出てきたのは山盛りのポテトフライ！
これは、かなりのボリューム・・・！
食べ応え十分すぎるぞ。

■ユッケと馬刺しの盛り合わせ

まだまだ料理は終わらない！
ユッケと馬刺しまで出てきた！
揚げ物が続いていたのでありがたい。

■大人のハンバーグ

昼はハンバーグ屋さんということもあり、ここでもハンバーグが登場！
ジューシーでデミグラスソースもめちゃくちゃ美味しい。
さすがのハンバーグだ。

■■非常に満足度の高いコースだった！

うーん、おなかいっぱい・・！
このコース、めちゃくちゃボリュームが満点！
特にポテトフライの迫力はすごかった！
しかも飲み放題付きだし、コスパがめちゃくちゃいい。

ちなみにアラカルトで注文しても非常にリーズナブルだし、ドリンクもチンチロリンなどもあるので、そこまで料理を必要としないのであればアラカルトでも全然良さそう。

そして、店員さんも非常にフレンドリーで感じが良い。
ぜひまたリピートしたいお店である！",,
50,"今日は送別会にて利用。
店の場所がちと分かりづらい。

店員さんは常に元気。

うむ。

心地よし。

名前にワインとある。

飲むべし。

うむ。

我は酒のことをよく知らん。

燻製のポテサラ、生ハム、生ポテトフライ

次々とやってくる。

うまし。

飲みがメインだが食事も良し。

なかなかのコスパだ。

外れない店は赤坂に意外と少ない。

ボる店が多い中、安心。

ところでここは俺シリーズなのか？

ハンバーグは…

うむ。悪くない。",,
51,"学生の街高田馬場にあるこの焼肉店、

先日友人二人と焼肉が食べたいねーということで

行ってきました(^_^)/

まだまだ食べ盛りということで男同士ガッツリ

食べ散らかしましたが、お会計なんと二人合わせて３９００円！

アルコールなしだとしてもとても安くびっくりしました＼(゜ロ＼)

店員さん曰くただ安いわけじゃなく

質にもこだわっているらしい

確かに言うとおり肉も悪くなく特に安安カルビ、Ｖカルビは

おいしく量もあって食べる価値ありだと思います(^_^)/",,
52,"高田馬場駅の早稲田口からほど近い早稲田通り沿いにある七輪焼肉安安(アンアン)。1階に割烹の桂、地下1階に300YENキッチンのあるビルの2階にある。

ビルの前にゴチャゴチャッと看板が出ている中から発見して、平日のランチタイムに初訪問。入口が木の引き戸になっていて一風変わっている。

店内に入ると左右にテーブル席が広がっていてかなり広め。4人掛けの席に七輪がスタンバイしていて、炭に火が入っている。

ランチメニューはヤングカルビ100gのカルビ定食650円から。ハラミ、ロース、豚トロ、牛タンなど組み合わせやお肉の量によって様々なセットがある。

定食にハーフサイズのお肉をトッピングで追加も可能。ランチドリンクバーは250円。今回はヤングカルビと安安ハラミの組み合わせにしてみる。

・カルビ・ハラミ定食(80gずつ) 930円

待つこと10分せず一気に提供あり。たっぷりの塩キャベツとたっぷりのライスはおかわり無料。さらにたっぷりのもやしナムルも付く。

お肉はカルビは脂身多め、ちょっと量が少ないかと思ったが、お皿が大きいせいだと思う。さっそく焼いていく、脂が多めなだけあって炎がすごい。

すぐに焼けてタレにつけライスにバウンドして頬張ると柔らかくてそこそこのお味。タレは甘め、辛味噌は個包装のを絞る。

もやしナムルは味薄めなのでタレに潜らせてご飯のお供に。ご飯は最初っから大盛サイズなのでお腹いっぱいになる。

煙の匂いはあまり気にならなかった。七輪での焼肉で、ハイコスパでお肉を食べることができ満足。今度は一人焼肉してもいいかなと思った。

夜は食べ放題はないものの、得得コース(全11品)1600円やちょっと贅沢コース(全15品)2500円などのコースがあるから、夜も来てみよう。お会計にはPayPayが使える、ただし別会計は不可。",,
53,"ポイント消化で高田馬場の七輪焼肉 安安を予約してランチへ。雑居ビル2階にありわかりにくい。そのせいなのか、ランチタイムなのに終始一人だった。大丈夫か？

キャベツ、ご飯おかわり自由。キャベツおかわりできるのうれしいかも。ご飯を食べずに済む。

ザ・居酒屋的な内装。2人席もあって、そこを一人で使用。

カルビランチは税込650円。安い！これでいいや。タブレットで頼むのも気楽でいい。ただしライスナシや少量は指定できなかった。

一人でもちゃんと七輪なのね。すごい！コンナムル付き。キャベツの塩だれがおいしくて、これだけで全然いけた。ご飯はデフォルトがもりもり。

お肉の質はまあこの値段なので期待していなかったし、まあそれ以下でもそれ以上でもなく。かなり脂っこい。そして味が濃い。

ご飯を食べないと肉が足りない感じなので、豚ホルモンハーフサイズを追加。150円。ハーフがあるのうれしいね。トータル800円のランチ。すごい、コスパだ！",,
54,"ZAGATにも掲載で以前から行きたかったお店です♪
土曜の12時過ぎに予約なしですぐ入れましたが、ほぼ満席でしたね♪
お店の奥には大きな赤い窯があり、この窯で焼くピザは美味しそうです♪

メニューを見ると、Aランチ1200円税込はグリーンサラダとピザorパスタ、ドリンクのセットで、それを選びます♪
Bランチ1700円税込だと、Aランチに前菜やデザートがプラスとなりますね♪

もちろんピザを選び、ピザはロマーナというアンチョビ、オレガノ、モッツァレラチーズ、トマトソースのピザを選択しました♪
ピザはどれも美味しそうで選択に悩みます♪

ドリンクは、これからすぐピアノ演奏会で弾かなければならないので、ホットコーヒーを選びましたが、何と追加料金なしで生ビールやワインも選べましたね♪
これは凄い♪

テーブルの上に置かれた冷たいお茶が変わっていて、ジンジャーピーチとのことで無糖ですが香りがしていました♪

まずグリーンサラダが運ばれますが、レタスたっぷりと、さつまいも、きゅうりも入ったサラダでボリュームがありますね♪

ホットコーヒーも運ばれますが、分厚い器でイタリアンを感じ、甘くコクがあり美味しいです♪

そして焼き立てピザが、あらかじめ8等分に切られて運ばれます♪
おぉぉかなりデカイ♪
この大きさは凄いです♪
タバスコを少しかけて、アツアツでチーズたっぷりで美味しい♪
アンチョビの塩加減がちょうど良いアクセントで美味しいかったですね♪
さすがです♪

コスパ良く、窯で焼かれた出来立て美味しいピザ等を頂けとてもオススメです♪
クレジットカード利用可能も秀逸です♪
詳細は以下のブログをご覧ください♪
https://blog.goo.ne.jp/good-tasty/e/9a7397648816714979dd4904ee838c37",,
55,"久しぶりに、こちらでランチ。まだお酒は飲めない期間だったので

ワインなナシ。Aランチ１２５０円にしました。選べるパスタとサラダが付きます。

数人待って、店内の席に通されましたこの店は、奥が広く席数が多いんです。

平日限定の前菜盛り合わせが付いたランチ１７５０円もおすすめです。

チーズハンバーグや日替わりピザなどもあったんですが

サーモンとほうれん草とマッシュルームのクリームパスタ（＋４００円）にしました。

大好きな組み合わせ。まずはサラダが運ばれてきました。

レタスがたっぷりでトマトや大根などがちりばめられていました。

食べ応えがあります。さっぱりドレッシング。

そしてパスタが運ばれてきました。美味しそう。

わりとあっさりとしたクリームソースだな～。

ほうれん草がたっぷりがいいですね。窯焼きピザも人気のお店。

２人なら窯焼きピザとシェアできたのにな。

美味しくいただき、夕食の買い物へ。

ここはテラス席はワンコOKなので、それも人気のワケのようです。",,
56,"★前回までのあらすじ★

なわけで、過日弔問したIｸﾝなお姉さんから預かった仏前返しをTｸﾝが預かってたので、それをFに手渡す(訳注:コロナ風味なご時世なので、俺がFから仏前な金を預かってon behalfで弔問にした件(ΦωΦ))のでジョージでTｸﾝとFか会うのに相乗りしたWheelingであったが·····

この日は蚤仲間なN女史も誘ってたんだケド、急遽彼女がオメデタ的解任、あるいわ解任的オメデタ、てことでプチドタキャン#致し方ない事情、てコトになり、IF俺な3人で会うことになった件。店はTｸﾝが予約してくれてた。当初俺は必殺時差出勤#5時には退社風味だったので「6時までには池る」てTｸﾝには言ってたんだケド、前日の夕方に4時半からなアホを上司が入れてしまい、鹿もその客は15分遅れで来社、会社を出たのが6時ちょっこし前になってシマタのでラインで主催者Tｸﾝに6時には間に合わないことを詫び入れて、最短で着くよーに、いつものよーにオカチから東京駅まで行かずに神田でいわゆる中央線快速に海苔替えてジョージに向かった的な(；´Д｀)

店にやっとこ着いた時にはTｸﾝもFも待ってんだろな、な6時半ちょっこし杉着だったんだケド、何故かTｸﾝ鹿いない（；＾ω＾）　Fからは何の連絡もなく、ラインにメッセしても既毒にならないので音声通話に何回かトライしても電話に出んわ#スタンダードなｵﾔｼﾞｷﾞｬｸﾞ#20世紀なレガシー状態だったんで、とりまTｸﾝと俺とで始めることにした。

すでにTｸﾝがオーダーしていたインサラータに加えて何品かたのんでMoretti#600ｴｿで乾杯。最後にMorettiのんだのいつだったっけか、とかオモタ件。続けてアンティパスト盛り合わせ＃1350ｴｿ、それからこの日の肉でウェイトレスオヌヌナ（オススメ）なラムチョップ#1700ｴｿ。アンティパストは素材を活かして調理控えめな感じで、サッパリして年寄り的には馬かった(ΦωΦ）　ラムチョップはオヌヌナだけあって、肉が柔らかくてナカナカ(　ﾟдﾟ)ｳﾑ　俺はマトンはちょっとﾑ───(乂･д･´)───ﾘ！なんだけどラムなら食えないことも無い、と言うにやぶさかでないかもしれない鴨しれない、って感じ。

食べログなクーポンで白ワインなフルボトルが半額な1600ｴｿv(￣Д￣)v 遺影　この日な白はオーストラリアなシャルドネで、軽くて蚤易かった件。この段階で結構腹イッパイになってて、〆のパスタは今回はパスすることになった件。

そーこーしてる間にもFからは全く連絡なく、母親の墓参りで突然倒れて帰らざる人となったIのこともありガチで生きてるんだか死んだんだか心配になったが、ラインのレスもなく呼び出ししても鳴りっぱで取ってもらえず、仕方なく帰宅したところ
「ｽﾏｿ、今日じゃなくて明日だったと勘違いしてますた！」て連絡ありﾌﾞ━.;:;:(ﾟε;:(´ﾟ;:.3.;:ﾟ｀);:зﾟ);:;:.━ｯ!!

まあ生きてたから今回は許す( ఠൠఠ )てことで不問に付した・・つか落とし前はどこかでつけてもらおう(ﾟmﾟ*)ﾌﾟｯ

なわけで、この店はこれだけ飲んで食って、一人5000ｴｿ行かなかったので、ここはコスパがいいと岩猿を得ない(((ｕдｕ*)ｩﾝｩﾝうん

因みにここは下北にも店あり。大昔行ったことがあった汐留店はさっき調べたら既に閉店になってますた（´・ω・｀）",,
57,"新橋が仕事で馴染みあるという旧友。不慣れな土地なので、女性目線で今回お店を選んでもらった。
エレベーターでビルの3階へ。
赤と黒を基調とした内装は、女性的でもあり、引き締まったカッコ良さもある。
テラス席もあるのですね。
これは気持ち良さそう。予約必須だろうなー。

赤いボックス席へ。こちらは靴は脱がなくても良い。
靴を抜いで上がる奥の黒いソファ席は、シックで大人っぽく色気もある雰囲気だった。
全面ソファなので寝っ転がれる笑。とても心地好さそう。


□□□　料　理　□□□

タッチパネルでメニューを選ぶので店員さんに気を使わずオーダーできる。
お肉メニューが豊富。
名物のロティサリーチキンは20分はかかるということで、ドリンクと一緒に最初にオーダー。

◆プレモル

◆アボカドトマトサラダ
スライスされたアボカドとトマトがたっぷり！
見た目が面白いサラダだ。
エスニック風味なコブドレッシングがとても合う。

◆キノコのアヒージョ
マッシュルームとエリンギ。
女性は好きですよねアヒージョ。
塩分控えめで美味しい。男性の自分の方がパクパクつまんでしまった笑

◆牛タリアータ
ミディアムレアの絶妙な火加減で柔らかい。
にんにく醤油のソースが濃いめで食欲を掻き立ててくれる。

◆ロティサリーチキン（ラクレットチーズをトッピング）
2人だとハーフサイズでも十分だけど、せっかくなのでフルサイズで！
香ばしく焼けた皮がなんとも美味しそう！
ここにあつあつのラクレットチーズをとろ〜りと。
これはたまらない。
岩塩、マスタードもあるので、最初はチーズなしで肉本来の味にかぶりつく！
肉とチーズってずるい笑
2人だと余ると思っていたけど、がつがつ食べてしまいました笑
でもフルサイズはやはり3~4人で食べるのがちょうどいいかも。


□□□　総　評　□□□

赤いソファのボックス席と、全面黒の寝っ転がれるソファ席。
合コンにも、女子会にも、新橋なのでサラリーマンの宴会にもいい。
実際、お客さんは女子会をしていたり、男性だけで飲み会していたり、デート利用だったりと様々な利用をしているのが見受けられた。
あとでネットで分かったのだが、飲み放題付きコースがとてもお値打ち。2.5時間や3時間が料理ついて、2980円、3480円…とか。＋消費税だが、ロティサリーチキンもちゃんと入っている。
足りなければアラカルトを注文してもいいし。
テラス席はカップルにはとても良さげだ。
サービスは、たまに安めのお店だと、んー…ってなる時あるけど、こちらのお店は柔らかくて朗らかで嫌な思いをすることも全然なかった。タッチパネル式というのがスタッフの負担を減らしてくれているのかもですね。",,
58,"歩いて見つけたお店である。この辺りには大きなランチメニューが店前に並んで分かりやすい。ステーキを食べようと思いお店に向かった。パーティーに相応しい内装となっており個室となっている。
ハラミかロースだったらハラミステーキ定食1200円を選ぶ。大きなジョッキにお茶をいただいた。
サラダ、スープがセットになっている。サラダドレッシングはシーザーサラダ用でスープはオニオンスープ。ご飯は大盛りができるようである。
紙エプロンをいただき鉄板来るのスタンバイOK。付け合せはコーンとにんじんであった。肉は程よい厚みにカットされていた。柔らかいハラミステーキである。ソースは塩コショウでもいいが、ガッツリとニンニクの味が感じられる。肉は何グラムあるか分からないが結構なボリュームである。+200円でご飯をガーリックライスに変更ができるようである。
ビルの三階だがテラス席もあるようで天気の良い日には最高のランチがいただけそう。",,
59," 今夜は、新橋駅から3分の所にある、ボルギーニさんでdinnerしてきましたぁー♪(o^^o)    

ボックス席型の個室になっているから安心してお食事できましたーぁ   
    
全8品!!ボルギーニコース（飲み放題付き）  

◉季節の先付け 
  キッシュと生ハムがイタリアンって感じ♪  カシスオレンジで乾杯   

◉シェフの日替わり前菜 
   サーモンのカルパッチョ♪おしゃれで美味しいね⭐︎✨    

◉旬の獲れたてサラダ 
   温かいチキンが乗ったサラダでとても新鮮♪    

◉フライドポテト
◉ロティサリーチキン  わぁー！！すごぉいゴージャスなプレート！       
 皮も香ばしく、中のお肉も美味しいよーん。
    
◉豚肩ロースステーキ 
  味わい豊かなポーク♪めっちゃ美味しーい   

◉日替わりパスタ 
  ナポリタンの甘辛なソースとアルデンテの茹で加減がいい感じ♪  
    山崎焙煎樽仕込梅酒のロックも美味しかったぁ 
  
◉デザート 
  ティラミスと、フルーツ  可愛いケーキも食べられて、幸せーなコースですね    

平日夜でしたが、かなりの賑わいで大人気でびっくりしましたーぁ   飲み放題とかもお得だし、

お料理も美味しいから  女子会とかにもおすすめっ♪  


行ってみてね  
   ",,
